2026-09-30 08:18:20 [WARNING] app: Running on SQLite — row-level locking (with_for_update) is not enforced. SQLite uses a database-wide write lock; concurrent writers will serialise. Move to PostgreSQL for true per-row locking and higher concurrency.
2026-09-30 08:18:20 [INFO] app: ------- SECURITY MODE -------
2026-09-30 08:18:20 [INFO] app:   env                : production
2026-09-30 08:18:20 [INFO] app:   secret_key         : set (>=32 chars)
2026-09-30 08:18:20 [INFO] app:   updater_signing    : ENFORCED
2026-09-30 08:18:20 [INFO] app:   encryption         : available
2026-09-30 08:18:20 [INFO] app:   lan_access         : disabled (127.0.0.1 only)
2026-09-30 08:18:20 [INFO] app:   schema_drift_mode  : warn-only
2026-09-30 08:18:20 [INFO] app: -----------------------------
2026-09-30 08:18:20 [INFO] app: db.create_all() skipped in production. Use Alembic migrations for schema changes. Set DB_AUTO_CREATE=1 to force-enable at next boot.
2026-09-30 08:18:20 [INFO] app: SQLite: ensured table credit_vouchers exists
2026-09-30 08:18:20 [INFO] app: SQLite: ensured table credit_voucher_redemptions exists
2026-09-30 08:18:20 [INFO] apscheduler.scheduler: Scheduler started
2026-09-30 08:18:20 [INFO] apscheduler.scheduler: Added job "setup_backup_scheduler.<locals>._scheduled_backup" to job store "default"
2026-09-30 08:18:20 [INFO] app.backup_manager: Daily backup scheduled at 03:00
2026-09-30 08:18:20 [INFO] apscheduler.scheduler: Added job "flush_notification_queue" to job store "default"
2026-09-30 08:18:20 [INFO] apscheduler.scheduler: Added job "create_app.<locals>._prune_old_logs" to job store "default"
2026-09-30 08:18:20 [INFO] apscheduler.scheduler: Added job "create_app.<locals>._run_predictive_maintenance" to job store "default"
2026-09-30 08:18:20 [ERROR] app.routes: Credit settlement failed for res=5: injected F1: audit row could not be constructed
Traceback (most recent call last):
  File "C:\wt_c4edc7b\app\routes.py", line 9357, in settle_credit
    _write_audit_strict('Payment', payment.id, 'posted', {},   # Q-5
  File "C:\wt_c4edc7b\app\routes.py", line 362, in _write_audit_strict
    return audited_financial_write(entity_type, entity_id, action,
           ^^^^^^^^^^^^^^^^^^^^^^^^^^^^^^^^^^^^^^^^^^^^^^^^^^^^^^^
  File "C:\wt_c4edc7b\app\services.py", line 236, in audited_financial_write
    log = AuditLog(entity_type=entity_type,
          ^^^^^^^^^^^^^^^^^^^^^^^^^^^^^^^^^
  File "C:\Users\SIPL Server\Downloads\DSS\FinalGrid\SukoonPMS\verification\evidence\20260930_cf10_completion\verify_cf10_cf11.py", line 267, in boom
    raise RuntimeError('injected F1: audit row could not be constructed')
RuntimeError: injected F1: audit row could not be constructed
2026-09-30 08:18:20 [ERROR] app.routes: Credit settlement failed for res=5: injected F1: audit row could not be constructed
Traceback (most recent call last):
  File "C:\wt_c4edc7b\app\routes.py", line 9357, in settle_credit
    _write_audit_strict('Payment', payment.id, 'posted', {},   # Q-5
  File "C:\wt_c4edc7b\app\routes.py", line 362, in _write_audit_strict
    return audited_financial_write(entity_type, entity_id, action,
           ^^^^^^^^^^^^^^^^^^^^^^^^^^^^^^^^^^^^^^^^^^^^^^^^^^^^^^^
  File "C:\wt_c4edc7b\app\services.py", line 236, in audited_financial_write
    log = AuditLog(entity_type=entity_type,
          ^^^^^^^^^^^^^^^^^^^^^^^^^^^^^^^^^
  File "C:\Users\SIPL Server\Downloads\DSS\FinalGrid\SukoonPMS\verification\evidence\20260930_cf10_completion\verify_cf10_cf11.py", line 267, in boom
    raise RuntimeError('injected F1: audit row could not be constructed')
RuntimeError: injected F1: audit row could not be constructed
2026-09-30 08:18:20 [ERROR] app.routes: Credit settlement failed for res=5: audit row for Payment 8 (posted) could not be written: RuntimeError: injected F2: audit insert failed
Traceback (most recent call last):
  File "C:\wt_c4edc7b\app\services.py", line 245, in audited_financial_write
    _db.session.flush()
  File "C:\Users\SIPL Server\Downloads\DSS\FinalGrid\SukoonPMS\venv\Lib\site-packages\sqlalchemy\orm\scoping.py", line 924, in flush
    return self._proxied.flush(objects=objects)
           ^^^^^^^^^^^^^^^^^^^^^^^^^^^^^^^^^^^^
  File "C:\Users\SIPL Server\Downloads\DSS\FinalGrid\SukoonPMS\venv\Lib\site-packages\sqlalchemy\orm\session.py", line 4352, in flush
    self._flush(objects)
  File "C:\Users\SIPL Server\Downloads\DSS\FinalGrid\SukoonPMS\venv\Lib\site-packages\sqlalchemy\orm\session.py", line 4487, in _flush
    with util.safe_reraise():
         ^^^^^^^^^^^^^^^^^^^
  File "C:\Users\SIPL Server\Downloads\DSS\FinalGrid\SukoonPMS\venv\Lib\site-packages\sqlalchemy\util\langhelpers.py", line 122, in __exit__
    raise exc_value.with_traceback(exc_tb)
  File "C:\Users\SIPL Server\Downloads\DSS\FinalGrid\SukoonPMS\venv\Lib\site-packages\sqlalchemy\orm\session.py", line 4448, in _flush
    flush_context.execute()
  File "C:\Users\SIPL Server\Downloads\DSS\FinalGrid\SukoonPMS\venv\Lib\site-packages\sqlalchemy\orm\unitofwork.py", line 465, in execute
    rec.execute(self)
  File "C:\Users\SIPL Server\Downloads\DSS\FinalGrid\SukoonPMS\venv\Lib\site-packages\sqlalchemy\orm\unitofwork.py", line 641, in execute
    util.preloaded.orm_persistence.save_obj(
  File "C:\Users\SIPL Server\Downloads\DSS\FinalGrid\SukoonPMS\venv\Lib\site-packages\sqlalchemy\orm\persistence.py", line 69, in save_obj
    ) in _organize_states_for_save(base_mapper, states, uowtransaction):
         ^^^^^^^^^^^^^^^^^^^^^^^^^^^^^^^^^^^^^^^^^^^^^^^^^^^^^^^^^^^^^^
  File "C:\Users\SIPL Server\Downloads\DSS\FinalGrid\SukoonPMS\venv\Lib\site-packages\sqlalchemy\orm\persistence.py", line 235, in _organize_states_for_save
    mapper.dispatch.before_insert(mapper, connection, state)
  File "C:\Users\SIPL Server\Downloads\DSS\FinalGrid\SukoonPMS\venv\Lib\site-packages\sqlalchemy\event\attr.py", line 516, in __call__
    fn(*args, **kw)
  File "C:\Users\SIPL Server\Downloads\DSS\FinalGrid\SukoonPMS\venv\Lib\site-packages\sqlalchemy\orm\events.py", line 893, in wrap
    fn(*arg, **kw)
  File "C:\Users\SIPL Server\Downloads\DSS\FinalGrid\SukoonPMS\verification\evidence\20260930_cf10_completion\verify_cf10_cf11.py", line 280, in boom
    raise RuntimeError('injected F2: audit insert failed')
RuntimeError: injected F2: audit insert failed

The above exception was the direct cause of the following exception:

Traceback (most recent call last):
  File "C:\wt_c4edc7b\app\routes.py", line 9357, in settle_credit
    _write_audit_strict('Payment', payment.id, 'posted', {},   # Q-5
  File "C:\wt_c4edc7b\app\routes.py", line 362, in _write_audit_strict
    return audited_financial_write(entity_type, entity_id, action,
           ^^^^^^^^^^^^^^^^^^^^^^^^^^^^^^^^^^^^^^^^^^^^^^^^^^^^^^^
  File "C:\wt_c4edc7b\app\services.py", line 247, in audited_financial_write
    raise AuditCouplingError(
app.services.AuditCouplingError: audit row for Payment 8 (posted) could not be written: RuntimeError: injected F2: audit insert failed
2026-09-30 08:18:20 [ERROR] app.routes: Credit settlement failed for res=5: audit row for Payment 8 (posted) could not be written: RuntimeError: injected F2: audit insert failed
Traceback (most recent call last):
  File "C:\wt_c4edc7b\app\services.py", line 245, in audited_financial_write
    _db.session.flush()
  File "C:\Users\SIPL Server\Downloads\DSS\FinalGrid\SukoonPMS\venv\Lib\site-packages\sqlalchemy\orm\scoping.py", line 924, in flush
    return self._proxied.flush(objects=objects)
           ^^^^^^^^^^^^^^^^^^^^^^^^^^^^^^^^^^^^
  File "C:\Users\SIPL Server\Downloads\DSS\FinalGrid\SukoonPMS\venv\Lib\site-packages\sqlalchemy\orm\session.py", line 4352, in flush
    self._flush(objects)
  File "C:\Users\SIPL Server\Downloads\DSS\FinalGrid\SukoonPMS\venv\Lib\site-packages\sqlalchemy\orm\session.py", line 4487, in _flush
    with util.safe_reraise():
         ^^^^^^^^^^^^^^^^^^^
  File "C:\Users\SIPL Server\Downloads\DSS\FinalGrid\SukoonPMS\venv\Lib\site-packages\sqlalchemy\util\langhelpers.py", line 122, in __exit__
    raise exc_value.with_traceback(exc_tb)
  File "C:\Users\SIPL Server\Downloads\DSS\FinalGrid\SukoonPMS\venv\Lib\site-packages\sqlalchemy\orm\session.py", line 4448, in _flush
    flush_context.execute()
  File "C:\Users\SIPL Server\Downloads\DSS\FinalGrid\SukoonPMS\venv\Lib\site-packages\sqlalchemy\orm\unitofwork.py", line 465, in execute
    rec.execute(self)
  File "C:\Users\SIPL Server\Downloads\DSS\FinalGrid\SukoonPMS\venv\Lib\site-packages\sqlalchemy\orm\unitofwork.py", line 641, in execute
    util.preloaded.orm_persistence.save_obj(
  File "C:\Users\SIPL Server\Downloads\DSS\FinalGrid\SukoonPMS\venv\Lib\site-packages\sqlalchemy\orm\persistence.py", line 69, in save_obj
    ) in _organize_states_for_save(base_mapper, states, uowtransaction):
         ^^^^^^^^^^^^^^^^^^^^^^^^^^^^^^^^^^^^^^^^^^^^^^^^^^^^^^^^^^^^^^
  File "C:\Users\SIPL Server\Downloads\DSS\FinalGrid\SukoonPMS\venv\Lib\site-packages\sqlalchemy\orm\persistence.py", line 235, in _organize_states_for_save
    mapper.dispatch.before_insert(mapper, connection, state)
  File "C:\Users\SIPL Server\Downloads\DSS\FinalGrid\SukoonPMS\venv\Lib\site-packages\sqlalchemy\event\attr.py", line 516, in __call__
    fn(*args, **kw)
  File "C:\Users\SIPL Server\Downloads\DSS\FinalGrid\SukoonPMS\venv\Lib\site-packages\sqlalchemy\orm\events.py", line 893, in wrap
    fn(*arg, **kw)
  File "C:\Users\SIPL Server\Downloads\DSS\FinalGrid\SukoonPMS\verification\evidence\20260930_cf10_completion\verify_cf10_cf11.py", line 280, in boom
    raise RuntimeError('injected F2: audit insert failed')
RuntimeError: injected F2: audit insert failed

The above exception was the direct cause of the following exception:

Traceback (most recent call last):
  File "C:\wt_c4edc7b\app\routes.py", line 9357, in settle_credit
    _write_audit_strict('Payment', payment.id, 'posted', {},   # Q-5
  File "C:\wt_c4edc7b\app\routes.py", line 362, in _write_audit_strict
    return audited_financial_write(entity_type, entity_id, action,
           ^^^^^^^^^^^^^^^^^^^^^^^^^^^^^^^^^^^^^^^^^^^^^^^^^^^^^^^
  File "C:\wt_c4edc7b\app\services.py", line 247, in audited_financial_write
    raise AuditCouplingError(
app.services.AuditCouplingError: audit row for Payment 8 (posted) could not be written: RuntimeError: injected F2: audit insert failed
2026-09-30 08:18:20 [ERROR] app.routes: voucher redeem failed: voucher=1 res=6
Traceback (most recent call last):
  File "C:\wt_c4edc7b\app\routes.py", line 9464, in voucher_redeem
    result = redeem_credit_voucher(
             ^^^^^^^^^^^^^^^^^^^^^^
  File "C:\wt_c4edc7b\app\services.py", line 2102, in redeem_credit_voucher
    audited_financial_write(                                        # Q-5
  File "C:\wt_c4edc7b\app\services.py", line 236, in audited_financial_write
    log = AuditLog(entity_type=entity_type,
          ^^^^^^^^^^^^^^^^^^^^^^^^^^^^^^^^^
  File "C:\Users\SIPL Server\Downloads\DSS\FinalGrid\SukoonPMS\verification\evidence\20260930_cf10_completion\verify_cf10_cf11.py", line 267, in boom
    raise RuntimeError('injected F1: audit row could not be constructed')
RuntimeError: injected F1: audit row could not be constructed
2026-09-30 08:18:20 [ERROR] app.routes: voucher redeem failed: voucher=1 res=6
Traceback (most recent call last):
  File "C:\wt_c4edc7b\app\routes.py", line 9464, in voucher_redeem
    result = redeem_credit_voucher(
             ^^^^^^^^^^^^^^^^^^^^^^
  File "C:\wt_c4edc7b\app\services.py", line 2102, in redeem_credit_voucher
    audited_financial_write(                                        # Q-5
  File "C:\wt_c4edc7b\app\services.py", line 236, in audited_financial_write
    log = AuditLog(entity_type=entity_type,
          ^^^^^^^^^^^^^^^^^^^^^^^^^^^^^^^^^
  File "C:\Users\SIPL Server\Downloads\DSS\FinalGrid\SukoonPMS\verification\evidence\20260930_cf10_completion\verify_cf10_cf11.py", line 267, in boom
    raise RuntimeError('injected F1: audit row could not be constructed')
RuntimeError: injected F1: audit row could not be constructed
2026-09-30 08:18:20 [ERROR] app.routes: voucher redeem failed: voucher=1 res=6
Traceback (most recent call last):
  File "C:\wt_c4edc7b\app\routes.py", line 9464, in voucher_redeem
    result = redeem_credit_voucher(
             ^^^^^^^^^^^^^^^^^^^^^^
  File "C:\wt_c4edc7b\app\services.py", line 2130, in redeem_credit_voucher
    audited_financial_write(
  File "C:\wt_c4edc7b\app\services.py", line 236, in audited_financial_write
    log = AuditLog(entity_type=entity_type,
          ^^^^^^^^^^^^^^^^^^^^^^^^^^^^^^^^^
  File "C:\Users\SIPL Server\Downloads\DSS\FinalGrid\SukoonPMS\verification\evidence\20260930_cf10_completion\verify_cf10_cf11.py", line 267, in boom
    raise RuntimeError('injected F1: audit row could not be constructed')
RuntimeError: injected F1: audit row could not be constructed
2026-09-30 08:18:20 [ERROR] app.routes: voucher redeem failed: voucher=1 res=6
Traceback (most recent call last):
  File "C:\wt_c4edc7b\app\services.py", line 245, in audited_financial_write
    _db.session.flush()
  File "C:\Users\SIPL Server\Downloads\DSS\FinalGrid\SukoonPMS\venv\Lib\site-packages\sqlalchemy\orm\scoping.py", line 924, in flush
    return self._proxied.flush(objects=objects)
           ^^^^^^^^^^^^^^^^^^^^^^^^^^^^^^^^^^^^
  File "C:\Users\SIPL Server\Downloads\DSS\FinalGrid\SukoonPMS\venv\Lib\site-packages\sqlalchemy\orm\session.py", line 4352, in flush
    self._flush(objects)
  File "C:\Users\SIPL Server\Downloads\DSS\FinalGrid\SukoonPMS\venv\Lib\site-packages\sqlalchemy\orm\session.py", line 4487, in _flush
    with util.safe_reraise():
         ^^^^^^^^^^^^^^^^^^^
  File "C:\Users\SIPL Server\Downloads\DSS\FinalGrid\SukoonPMS\venv\Lib\site-packages\sqlalchemy\util\langhelpers.py", line 122, in __exit__
    raise exc_value.with_traceback(exc_tb)
  File "C:\Users\SIPL Server\Downloads\DSS\FinalGrid\SukoonPMS\venv\Lib\site-packages\sqlalchemy\orm\session.py", line 4448, in _flush
    flush_context.execute()
  File "C:\Users\SIPL Server\Downloads\DSS\FinalGrid\SukoonPMS\venv\Lib\site-packages\sqlalchemy\orm\unitofwork.py", line 465, in execute
    rec.execute(self)
  File "C:\Users\SIPL Server\Downloads\DSS\FinalGrid\SukoonPMS\venv\Lib\site-packages\sqlalchemy\orm\unitofwork.py", line 641, in execute
    util.preloaded.orm_persistence.save_obj(
  File "C:\Users\SIPL Server\Downloads\DSS\FinalGrid\SukoonPMS\venv\Lib\site-packages\sqlalchemy\orm\persistence.py", line 69, in save_obj
    ) in _organize_states_for_save(base_mapper, states, uowtransaction):
         ^^^^^^^^^^^^^^^^^^^^^^^^^^^^^^^^^^^^^^^^^^^^^^^^^^^^^^^^^^^^^^
  File "C:\Users\SIPL Server\Downloads\DSS\FinalGrid\SukoonPMS\venv\Lib\site-packages\sqlalchemy\orm\persistence.py", line 235, in _organize_states_for_save
    mapper.dispatch.before_insert(mapper, connection, state)
  File "C:\Users\SIPL Server\Downloads\DSS\FinalGrid\SukoonPMS\venv\Lib\site-packages\sqlalchemy\event\attr.py", line 516, in __call__
    fn(*args, **kw)
  File "C:\Users\SIPL Server\Downloads\DSS\FinalGrid\SukoonPMS\venv\Lib\site-packages\sqlalchemy\orm\events.py", line 893, in wrap
    fn(*arg, **kw)
  File "C:\Users\SIPL Server\Downloads\DSS\FinalGrid\SukoonPMS\verification\evidence\20260930_cf10_completion\verify_cf10_cf11.py", line 280, in boom
    raise RuntimeError('injected F2: audit insert failed')
RuntimeError: injected F2: audit insert failed

The above exception was the direct cause of the following exception:

Traceback (most recent call last):
  File "C:\wt_c4edc7b\app\routes.py", line 9464, in voucher_redeem
    result = redeem_credit_voucher(
             ^^^^^^^^^^^^^^^^^^^^^^
  File "C:\wt_c4edc7b\app\services.py", line 2102, in redeem_credit_voucher
    audited_financial_write(                                        # Q-5
  File "C:\wt_c4edc7b\app\services.py", line 247, in audited_financial_write
    raise AuditCouplingError(
app.services.AuditCouplingError: audit row for Payment 10 (posted) could not be written: RuntimeError: injected F2: audit insert failed
2026-09-30 08:18:20 [ERROR] app.routes: voucher redeem failed: voucher=1 res=6
Traceback (most recent call last):
  File "C:\wt_c4edc7b\app\services.py", line 245, in audited_financial_write
    _db.session.flush()
  File "C:\Users\SIPL Server\Downloads\DSS\FinalGrid\SukoonPMS\venv\Lib\site-packages\sqlalchemy\orm\scoping.py", line 924, in flush
    return self._proxied.flush(objects=objects)
           ^^^^^^^^^^^^^^^^^^^^^^^^^^^^^^^^^^^^
  File "C:\Users\SIPL Server\Downloads\DSS\FinalGrid\SukoonPMS\venv\Lib\site-packages\sqlalchemy\orm\session.py", line 4352, in flush
    self._flush(objects)
  File "C:\Users\SIPL Server\Downloads\DSS\FinalGrid\SukoonPMS\venv\Lib\site-packages\sqlalchemy\orm\session.py", line 4487, in _flush
    with util.safe_reraise():
         ^^^^^^^^^^^^^^^^^^^
  File "C:\Users\SIPL Server\Downloads\DSS\FinalGrid\SukoonPMS\venv\Lib\site-packages\sqlalchemy\util\langhelpers.py", line 122, in __exit__
    raise exc_value.with_traceback(exc_tb)
  File "C:\Users\SIPL Server\Downloads\DSS\FinalGrid\SukoonPMS\venv\Lib\site-packages\sqlalchemy\orm\session.py", line 4448, in _flush
    flush_context.execute()
  File "C:\Users\SIPL Server\Downloads\DSS\FinalGrid\SukoonPMS\venv\Lib\site-packages\sqlalchemy\orm\unitofwork.py", line 465, in execute
    rec.execute(self)
  File "C:\Users\SIPL Server\Downloads\DSS\FinalGrid\SukoonPMS\venv\Lib\site-packages\sqlalchemy\orm\unitofwork.py", line 641, in execute
    util.preloaded.orm_persistence.save_obj(
  File "C:\Users\SIPL Server\Downloads\DSS\FinalGrid\SukoonPMS\venv\Lib\site-packages\sqlalchemy\orm\persistence.py", line 69, in save_obj
    ) in _organize_states_for_save(base_mapper, states, uowtransaction):
         ^^^^^^^^^^^^^^^^^^^^^^^^^^^^^^^^^^^^^^^^^^^^^^^^^^^^^^^^^^^^^^
  File "C:\Users\SIPL Server\Downloads\DSS\FinalGrid\SukoonPMS\venv\Lib\site-packages\sqlalchemy\orm\persistence.py", line 235, in _organize_states_for_save
    mapper.dispatch.before_insert(mapper, connection, state)
  File "C:\Users\SIPL Server\Downloads\DSS\FinalGrid\SukoonPMS\venv\Lib\site-packages\sqlalchemy\event\attr.py", line 516, in __call__
    fn(*args, **kw)
  File "C:\Users\SIPL Server\Downloads\DSS\FinalGrid\SukoonPMS\venv\Lib\site-packages\sqlalchemy\orm\events.py", line 893, in wrap
    fn(*arg, **kw)
  File "C:\Users\SIPL Server\Downloads\DSS\FinalGrid\SukoonPMS\verification\evidence\20260930_cf10_completion\verify_cf10_cf11.py", line 280, in boom
    raise RuntimeError('injected F2: audit insert failed')
RuntimeError: injected F2: audit insert failed

The above exception was the direct cause of the following exception:

Traceback (most recent call last):
  File "C:\wt_c4edc7b\app\routes.py", line 9464, in voucher_redeem
    result = redeem_credit_voucher(
             ^^^^^^^^^^^^^^^^^^^^^^
  File "C:\wt_c4edc7b\app\services.py", line 2102, in redeem_credit_voucher
    audited_financial_write(                                        # Q-5
  File "C:\wt_c4edc7b\app\services.py", line 247, in audited_financial_write
    raise AuditCouplingError(
app.services.AuditCouplingError: audit row for Payment 10 (posted) could not be written: RuntimeError: injected F2: audit insert failed
2026-09-30 08:18:20 [ERROR] app.routes: voucher redeem failed: voucher=1 res=6
Traceback (most recent call last):
  File "C:\wt_c4edc7b\app\services.py", line 245, in audited_financial_write
    _db.session.flush()
  File "C:\Users\SIPL Server\Downloads\DSS\FinalGrid\SukoonPMS\venv\Lib\site-packages\sqlalchemy\orm\scoping.py", line 924, in flush
    return self._proxied.flush(objects=objects)
           ^^^^^^^^^^^^^^^^^^^^^^^^^^^^^^^^^^^^
  File "C:\Users\SIPL Server\Downloads\DSS\FinalGrid\SukoonPMS\venv\Lib\site-packages\sqlalchemy\orm\session.py", line 4352, in flush
    self._flush(objects)
  File "C:\Users\SIPL Server\Downloads\DSS\FinalGrid\SukoonPMS\venv\Lib\site-packages\sqlalchemy\orm\session.py", line 4487, in _flush
    with util.safe_reraise():
         ^^^^^^^^^^^^^^^^^^^
  File "C:\Users\SIPL Server\Downloads\DSS\FinalGrid\SukoonPMS\venv\Lib\site-packages\sqlalchemy\util\langhelpers.py", line 122, in __exit__
    raise exc_value.with_traceback(exc_tb)
  File "C:\Users\SIPL Server\Downloads\DSS\FinalGrid\SukoonPMS\venv\Lib\site-packages\sqlalchemy\orm\session.py", line 4448, in _flush
    flush_context.execute()
  File "C:\Users\SIPL Server\Downloads\DSS\FinalGrid\SukoonPMS\venv\Lib\site-packages\sqlalchemy\orm\unitofwork.py", line 465, in execute
    rec.execute(self)
  File "C:\Users\SIPL Server\Downloads\DSS\FinalGrid\SukoonPMS\venv\Lib\site-packages\sqlalchemy\orm\unitofwork.py", line 641, in execute
    util.preloaded.orm_persistence.save_obj(
  File "C:\Users\SIPL Server\Downloads\DSS\FinalGrid\SukoonPMS\venv\Lib\site-packages\sqlalchemy\orm\persistence.py", line 69, in save_obj
    ) in _organize_states_for_save(base_mapper, states, uowtransaction):
         ^^^^^^^^^^^^^^^^^^^^^^^^^^^^^^^^^^^^^^^^^^^^^^^^^^^^^^^^^^^^^^
  File "C:\Users\SIPL Server\Downloads\DSS\FinalGrid\SukoonPMS\venv\Lib\site-packages\sqlalchemy\orm\persistence.py", line 235, in _organize_states_for_save
    mapper.dispatch.before_insert(mapper, connection, state)
  File "C:\Users\SIPL Server\Downloads\DSS\FinalGrid\SukoonPMS\venv\Lib\site-packages\sqlalchemy\event\attr.py", line 516, in __call__
    fn(*args, **kw)
  File "C:\Users\SIPL Server\Downloads\DSS\FinalGrid\SukoonPMS\venv\Lib\site-packages\sqlalchemy\orm\events.py", line 893, in wrap
    fn(*arg, **kw)
  File "C:\Users\SIPL Server\Downloads\DSS\FinalGrid\SukoonPMS\verification\evidence\20260930_cf10_completion\verify_cf10_cf11.py", line 280, in boom
    raise RuntimeError('injected F2: audit insert failed')
RuntimeError: injected F2: audit insert failed

The above exception was the direct cause of the following exception:

Traceback (most recent call last):
  File "C:\wt_c4edc7b\app\routes.py", line 9464, in voucher_redeem
    result = redeem_credit_voucher(
             ^^^^^^^^^^^^^^^^^^^^^^
  File "C:\wt_c4edc7b\app\services.py", line 2130, in redeem_credit_voucher
    audited_financial_write(
  File "C:\wt_c4edc7b\app\services.py", line 247, in audited_financial_write
    raise AuditCouplingError(
app.services.AuditCouplingError: audit row for CreditVoucher 1 (voucher_used) could not be written: RuntimeError: injected F2: audit insert failed
2026-09-30 08:18:21 [ERROR] app.routes: voucher redemption failed during new_reservation
Traceback (most recent call last):
  File "C:\wt_c4edc7b\app\routes.py", line 2264, in new_reservation
    _result = redeem_credit_voucher(
              ^^^^^^^^^^^^^^^^^^^^^^
  File "C:\wt_c4edc7b\app\services.py", line 2102, in redeem_credit_voucher
    audited_financial_write(                                        # Q-5
  File "C:\wt_c4edc7b\app\services.py", line 236, in audited_financial_write
    log = AuditLog(entity_type=entity_type,
          ^^^^^^^^^^^^^^^^^^^^^^^^^^^^^^^^^
  File "C:\Users\SIPL Server\Downloads\DSS\FinalGrid\SukoonPMS\verification\evidence\20260930_cf10_completion\verify_cf10_cf11.py", line 267, in boom
    raise RuntimeError('injected F1: audit row could not be constructed')
RuntimeError: injected F1: audit row could not be constructed
2026-09-30 08:18:21 [ERROR] app.routes: voucher redemption failed during new_reservation
Traceback (most recent call last):
  File "C:\wt_c4edc7b\app\routes.py", line 2264, in new_reservation
    _result = redeem_credit_voucher(
              ^^^^^^^^^^^^^^^^^^^^^^
  File "C:\wt_c4edc7b\app\services.py", line 2102, in redeem_credit_voucher
    audited_financial_write(                                        # Q-5
  File "C:\wt_c4edc7b\app\services.py", line 236, in audited_financial_write
    log = AuditLog(entity_type=entity_type,
          ^^^^^^^^^^^^^^^^^^^^^^^^^^^^^^^^^
  File "C:\Users\SIPL Server\Downloads\DSS\FinalGrid\SukoonPMS\verification\evidence\20260930_cf10_completion\verify_cf10_cf11.py", line 267, in boom
    raise RuntimeError('injected F1: audit row could not be constructed')
RuntimeError: injected F1: audit row could not be constructed
2026-09-30 08:18:21 [ERROR] app.routes: voucher redemption failed during new_reservation
Traceback (most recent call last):
  File "C:\wt_c4edc7b\app\services.py", line 245, in audited_financial_write
    _db.session.flush()
  File "C:\Users\SIPL Server\Downloads\DSS\FinalGrid\SukoonPMS\venv\Lib\site-packages\sqlalchemy\orm\scoping.py", line 924, in flush
    return self._proxied.flush(objects=objects)
           ^^^^^^^^^^^^^^^^^^^^^^^^^^^^^^^^^^^^
  File "C:\Users\SIPL Server\Downloads\DSS\FinalGrid\SukoonPMS\venv\Lib\site-packages\sqlalchemy\orm\session.py", line 4352, in flush
    self._flush(objects)
  File "C:\Users\SIPL Server\Downloads\DSS\FinalGrid\SukoonPMS\venv\Lib\site-packages\sqlalchemy\orm\session.py", line 4487, in _flush
    with util.safe_reraise():
         ^^^^^^^^^^^^^^^^^^^
  File "C:\Users\SIPL Server\Downloads\DSS\FinalGrid\SukoonPMS\venv\Lib\site-packages\sqlalchemy\util\langhelpers.py", line 122, in __exit__
    raise exc_value.with_traceback(exc_tb)
  File "C:\Users\SIPL Server\Downloads\DSS\FinalGrid\SukoonPMS\venv\Lib\site-packages\sqlalchemy\orm\session.py", line 4448, in _flush
    flush_context.execute()
  File "C:\Users\SIPL Server\Downloads\DSS\FinalGrid\SukoonPMS\venv\Lib\site-packages\sqlalchemy\orm\unitofwork.py", line 465, in execute
    rec.execute(self)
  File "C:\Users\SIPL Server\Downloads\DSS\FinalGrid\SukoonPMS\venv\Lib\site-packages\sqlalchemy\orm\unitofwork.py", line 641, in execute
    util.preloaded.orm_persistence.save_obj(
  File "C:\Users\SIPL Server\Downloads\DSS\FinalGrid\SukoonPMS\venv\Lib\site-packages\sqlalchemy\orm\persistence.py", line 69, in save_obj
    ) in _organize_states_for_save(base_mapper, states, uowtransaction):
         ^^^^^^^^^^^^^^^^^^^^^^^^^^^^^^^^^^^^^^^^^^^^^^^^^^^^^^^^^^^^^^
  File "C:\Users\SIPL Server\Downloads\DSS\FinalGrid\SukoonPMS\venv\Lib\site-packages\sqlalchemy\orm\persistence.py", line 235, in _organize_states_for_save
    mapper.dispatch.before_insert(mapper, connection, state)
  File "C:\Users\SIPL Server\Downloads\DSS\FinalGrid\SukoonPMS\venv\Lib\site-packages\sqlalchemy\event\attr.py", line 516, in __call__
    fn(*args, **kw)
  File "C:\Users\SIPL Server\Downloads\DSS\FinalGrid\SukoonPMS\venv\Lib\site-packages\sqlalchemy\orm\events.py", line 893, in wrap
    fn(*arg, **kw)
  File "C:\Users\SIPL Server\Downloads\DSS\FinalGrid\SukoonPMS\verification\evidence\20260930_cf10_completion\verify_cf10_cf11.py", line 280, in boom
    raise RuntimeError('injected F2: audit insert failed')
RuntimeError: injected F2: audit insert failed

The above exception was the direct cause of the following exception:

Traceback (most recent call last):
  File "C:\wt_c4edc7b\app\routes.py", line 2264, in new_reservation
    _result = redeem_credit_voucher(
              ^^^^^^^^^^^^^^^^^^^^^^
  File "C:\wt_c4edc7b\app\services.py", line 2130, in redeem_credit_voucher
    audited_financial_write(
  File "C:\wt_c4edc7b\app\services.py", line 247, in audited_financial_write
    raise AuditCouplingError(
app.services.AuditCouplingError: audit row for CreditVoucher 1 (voucher_used) could not be written: RuntimeError: injected F2: audit insert failed
============================================================================================================================================
CF-10 / CF-11 HARDENING - GROUP cf11
app root C:\wt_c4edc7b  commit c4edc7b23e83c4e0063a582c9fa80bb818cec7ea  app/ clean: True
production sha256 before: 51dd83b7f0fa42a3e85afb0f46c1a5f7cc6978436ff361250caef9ae92830bc2 (anchor)
============================================================================================================================================
copy=C:\Users\SIPL Server\Downloads\DSS\FinalGrid\SukoonPMS\verification\_work\cf10_cf11.db  business date=2026-08-10  vacant=36  admin=2
CF-11 settle_credit via POST /credit/<rid>/settle
OK    CF11-S1a     CF-11   settle: HTTP redirect (not a failure page)                 expect=302                    got=302                    
OK    CF11-S1b     CF-11   settle: one credit_recovery Payment created                expect=1                      got=1                      
OK    CF11-S1c     CF-11   settle: payment amount                                     expect=400.0                  got=400.0                  
OK    CF11-S1d     CF-11   settle: payment on billing folio A                         expect=5                      got=5                      
OK    CF11-S1e     CF-11   settle: credit_settled_amount advanced                     expect=400.0                  got=400.0                  
OK    CF11-S1f     CF-11   settle: strict audit row on the Payment                    expect=1                      got=1                      
OK    CF11-S1g     CF-11   settle: operator note preserved in the audit               expect='CF11 settle note'     got='CF11 settle note'     
OK    CF11-S1h     CF-11   settle: audit actor is the operator                        expect=2                      got=2                      
OK    CF11-S1i     CF-11   settle: audit amount matches                               expect=400.0                  got=400.0                  
OK    CF11-S2-F1-any CF-11   settle, F1 on any audit: no payment, credit unchanged      expect=(1, 400.0)             got=(1, 400.0)             HTTP 302
OK    CF11-S2-F1-payment CF-11   settle, F1 on payment audit: no payment, credit unchanged  expect=(1, 400.0)             got=(1, 400.0)             HTTP 302
OK    CF11-S2-F2-any CF-11   settle, F2 on any audit: no payment, credit unchanged      expect=(1, 400.0)             got=(1, 400.0)             HTTP 302
OK    CF11-S2-F2-payment CF-11   settle, F2 on payment audit: no payment, credit unchanged  expect=(1, 400.0)             got=(1, 400.0)             HTTP 302
OK    CF11-S3      CF-11   settle: amount above remaining refused, nothing written    expect=(1, 400.0)             got=(1, 400.0)             HTTP 302
OK    CF11-S4a     CF-11   settle: second (final) settlement posts                    expect=2                      got=2                      HTTP 302
OK    CF11-S4b     CF-11   settle: credit fully settled                               expect=1000.0                 got=1000.0                 
OK    CF11-S4c     CF-11   settle: blank note recorded as None in audit               expect=None                   got=None                   
OK    CF11-S4d     CF-11   settle: settled credit accepts no further payment          expect=2                      got=2                      HTTP 302
OK    CF11-S0      CF-11   settle: no stray payments on the reservation               expect=2                      got=2                      
W-11 / CF-11 redeem_credit_voucher via POST /api/voucher/<id>/redeem
OK    W11-R1a      W-11    redeem: HTTP 200 success                                   expect=(200, True)            got=(200, True)            {'amount_applied': 200.0, 'payment_id': 9, 'redemption_id': 1, 'remaining': 300.
OK    W11-R1b      W-11    redeem: one settlement Payment                             expect=1                      got=1                      
OK    W11-R1c      W-11    redeem: payment amount                                     expect=200.0                  got=200.0                  
OK    W11-R1d      W-11    redeem: payment on billing folio A                         expect=6                      got=6                      
OK    W11-R1e      W-11    redeem: voucher redeemed_amount                            expect=200.0                  got=200.0                  
OK    W11-R1f      W-11    redeem: redemption row keeps the note                      expect='CF11 redeem note'     got='CF11 redeem note'     
OK    W11-R1g      W-11    redeem: redemption links the payment                       expect=9                      got=9                      
OK    W11-R1h      W-11    redeem: payment reference carries voucher code             expect='VOUCHER:CF11-V1'      got='VOUCHER:CF11-V1'      
OK    W11-R1i      W-11    redeem: strict audit row on the Payment                    expect=1                      got=1                      
OK    W11-R1j      W-11    redeem: payment audit names voucher and amount             expect=('CF11-V1', 200.0)     got=('CF11-V1', 200.0)     
OK    W11-R1k      W-11    redeem: payment audit actor is the operator                expect=2                      got=2                      
OK    W11-R1l      W-11    redeem: voucher_used audit on the voucher                  expect=1                      got=1                      
OK    W11-R2-F1-any W-11    redeem, F1 on any audit: no payment/redemption/balance cha expect=(1, 1, 200.0)          got=(1, 1, 200.0)          HTTP 500
OK    W11-R2-F1-payment W-11    redeem, F1 on payment audit: no payment/redemption/balance expect=(1, 1, 200.0)          got=(1, 1, 200.0)          HTTP 500
OK    W11-R2-F1-voucher_used W-11    redeem, F1 on voucher_used audit: no payment/redemption/ba expect=(1, 1, 200.0)          got=(1, 1, 200.0)          HTTP 500
OK    W11-R2-F2-any W-11    redeem, F2 on any audit: no payment/redemption/balance cha expect=(1, 1, 200.0)          got=(1, 1, 200.0)          HTTP 500
OK    W11-R2-F2-payment W-11    redeem, F2 on payment audit: no payment/redemption/balance expect=(1, 1, 200.0)          got=(1, 1, 200.0)          HTTP 500
OK    W11-R2-F2-voucher_used W-11    redeem, F2 on voucher_used audit: no payment/redemption/ba expect=(1, 1, 200.0)          got=(1, 1, 200.0)          HTTP 500
OK    W11-R3       W-11    redeem: amount above balance refused, nothing written      expect=(400, (1, 1, 200.0))   got=(400, (1, 1, 200.0))   
W-11 / CF-11 redeem_credit_voucher via POST /reservations/new (voucher applied at booking)
OK    W11-B1a      W-11    booking+voucher: booking saved (redirect)                  expect=(302, True)            got=(302, True)            
OK    W11-B1b      W-11    booking+voucher: settlement Payment on the booking         expect=[100.0]                got=[100.0]                
OK    W11-B1c      W-11    booking+voucher: voucher balance consumed                  expect=300.0                  got=300.0                  
OK    W11-B2-F1-any W-11    booking+voucher, F1 on any audit: no booking, no voucher u expect=(7, 300.0)             got=(7, 300.0)             HTTP 200 
OK    W11-B3-F1-any W-11    booking+voucher, F1 on any audit: form re-rendered, not HT expect=200                    got=200                    
OK    W11-B2-F1-payment W-11    booking+voucher, F1 on payment audit: no booking, no vouch expect=(7, 300.0)             got=(7, 300.0)             HTTP 200 
OK    W11-B3-F1-payment W-11    booking+voucher, F1 on payment audit: form re-rendered, no expect=200                    got=200                    
OK    W11-B2-F2-voucher_used W-11    booking+voucher, F2 on voucher_used audit: no booking, no  expect=(7, 300.0)             got=(7, 300.0)             HTTP 200 
OK    W11-B3-F2-voucher_used W-11    booking+voucher, F2 on voucher_used audit: form re-rendere expect=200                    got=200                    
OK    P-01         prod    production database unchanged (sha256 == anchor)           expect='51dd83b7f0fa42a3e85af got='51dd83b7f0fa42a3e85af 
--------------------------------------------------------------------------------------------------------------------------------------------
GROUP cf11: 48/48 gates passed -> PASS
2026-09-30 08:18:21 [INFO] apscheduler.scheduler: Scheduler has been shut down
2026-09-30 08:18:21 [WARNING] app: Running on SQLite — row-level locking (with_for_update) is not enforced. SQLite uses a database-wide write lock; concurrent writers will serialise. Move to PostgreSQL for true per-row locking and higher concurrency.
2026-09-30 08:18:21 [INFO] app: ------- SECURITY MODE -------
2026-09-30 08:18:21 [INFO] app:   env                : production
2026-09-30 08:18:21 [INFO] app:   secret_key         : set (>=32 chars)
2026-09-30 08:18:21 [INFO] app:   updater_signing    : ENFORCED
2026-09-30 08:18:21 [INFO] app:   encryption         : available
2026-09-30 08:18:21 [INFO] app:   lan_access         : disabled (127.0.0.1 only)
2026-09-30 08:18:21 [INFO] app:   schema_drift_mode  : warn-only
2026-09-30 08:18:21 [INFO] app: -----------------------------
2026-09-30 08:18:22 [INFO] app: db.create_all() skipped in production. Use Alembic migrations for schema changes. Set DB_AUTO_CREATE=1 to force-enable at next boot.
2026-09-30 08:18:22 [INFO] app: SQLite: ensured table credit_vouchers exists
2026-09-30 08:18:22 [INFO] app: SQLite: ensured table credit_voucher_redemptions exists
2026-09-30 08:18:22 [INFO] apscheduler.scheduler: Scheduler started
2026-09-30 08:18:22 [INFO] apscheduler.scheduler: Added job "setup_backup_scheduler.<locals>._scheduled_backup" to job store "default"
2026-09-30 08:18:22 [INFO] app.backup_manager: Daily backup scheduled at 03:00
2026-09-30 08:18:22 [INFO] apscheduler.scheduler: Added job "flush_notification_queue" to job store "default"
2026-09-30 08:18:22 [INFO] apscheduler.scheduler: Added job "create_app.<locals>._prune_old_logs" to job store "default"
2026-09-30 08:18:22 [INFO] apscheduler.scheduler: Added job "create_app.<locals>._run_predictive_maintenance" to job store "default"
2026-09-30 08:18:22 [INFO] app.gst: GST rate=5.00% source=room_type_override room_type=Deluxe
2026-09-30 08:18:22 [INFO] app.gst: GST rate=5.00% source=room_type_override room_type=Deluxe
2026-09-30 08:18:22 [ERROR] app.routes: correction-pair void failed for payment_id=10
Traceback (most recent call last):
  File "C:\wt_c4edc7b\app\routes.py", line 7853, in void_payment
    result = post_payment_correction(
             ^^^^^^^^^^^^^^^^^^^^^^^^
  File "C:\wt_c4edc7b\app\services.py", line 1217, in post_payment_correction
    audited_financial_write(
  File "C:\wt_c4edc7b\app\services.py", line 236, in audited_financial_write
    log = AuditLog(entity_type=entity_type,
          ^^^^^^^^^^^^^^^^^^^^^^^^^^^^^^^^^
  File "C:\Users\SIPL Server\Downloads\DSS\FinalGrid\SukoonPMS\verification\evidence\20260930_cf10_completion\verify_cf10_cf11.py", line 267, in boom
    raise RuntimeError('injected F1: audit row could not be constructed')
RuntimeError: injected F1: audit row could not be constructed
2026-09-30 08:18:22 [INFO] app.gst: GST rate=5.00% source=room_type_override room_type=Deluxe
2026-09-30 08:18:22 [ERROR] app.routes: correction-pair void failed for payment_id=11
Traceback (most recent call last):
  File "C:\wt_c4edc7b\app\routes.py", line 7853, in void_payment
    result = post_payment_correction(
             ^^^^^^^^^^^^^^^^^^^^^^^^
  File "C:\wt_c4edc7b\app\services.py", line 1217, in post_payment_correction
    audited_financial_write(
  File "C:\wt_c4edc7b\app\services.py", line 236, in audited_financial_write
    log = AuditLog(entity_type=entity_type,
          ^^^^^^^^^^^^^^^^^^^^^^^^^^^^^^^^^
  File "C:\Users\SIPL Server\Downloads\DSS\FinalGrid\SukoonPMS\verification\evidence\20260930_cf10_completion\verify_cf10_cf11.py", line 267, in boom
    raise RuntimeError('injected F1: audit row could not be constructed')
RuntimeError: injected F1: audit row could not be constructed
2026-09-30 08:18:22 [INFO] app.gst: GST rate=5.00% source=room_type_override room_type=Deluxe
2026-09-30 08:18:22 [ERROR] app.routes: correction-pair void failed for payment_id=12
Traceback (most recent call last):
  File "C:\wt_c4edc7b\app\routes.py", line 7853, in void_payment
    result = post_payment_correction(
             ^^^^^^^^^^^^^^^^^^^^^^^^
  File "C:\wt_c4edc7b\app\services.py", line 1248, in post_payment_correction
    audited_financial_write(
  File "C:\wt_c4edc7b\app\services.py", line 236, in audited_financial_write
    log = AuditLog(entity_type=entity_type,
          ^^^^^^^^^^^^^^^^^^^^^^^^^^^^^^^^^
  File "C:\Users\SIPL Server\Downloads\DSS\FinalGrid\SukoonPMS\verification\evidence\20260930_cf10_completion\verify_cf10_cf11.py", line 267, in boom
    raise RuntimeError('injected F1: audit row could not be constructed')
RuntimeError: injected F1: audit row could not be constructed
2026-09-30 08:18:22 [INFO] app.gst: GST rate=5.00% source=room_type_override room_type=Deluxe
2026-09-30 08:18:22 [ERROR] app.routes: correction-pair void failed for payment_id=13
Traceback (most recent call last):
  File "C:\wt_c4edc7b\app\services.py", line 245, in audited_financial_write
    _db.session.flush()
  File "C:\Users\SIPL Server\Downloads\DSS\FinalGrid\SukoonPMS\venv\Lib\site-packages\sqlalchemy\orm\scoping.py", line 924, in flush
    return self._proxied.flush(objects=objects)
           ^^^^^^^^^^^^^^^^^^^^^^^^^^^^^^^^^^^^
  File "C:\Users\SIPL Server\Downloads\DSS\FinalGrid\SukoonPMS\venv\Lib\site-packages\sqlalchemy\orm\session.py", line 4352, in flush
    self._flush(objects)
  File "C:\Users\SIPL Server\Downloads\DSS\FinalGrid\SukoonPMS\venv\Lib\site-packages\sqlalchemy\orm\session.py", line 4487, in _flush
    with util.safe_reraise():
         ^^^^^^^^^^^^^^^^^^^
  File "C:\Users\SIPL Server\Downloads\DSS\FinalGrid\SukoonPMS\venv\Lib\site-packages\sqlalchemy\util\langhelpers.py", line 122, in __exit__
    raise exc_value.with_traceback(exc_tb)
  File "C:\Users\SIPL Server\Downloads\DSS\FinalGrid\SukoonPMS\venv\Lib\site-packages\sqlalchemy\orm\session.py", line 4448, in _flush
    flush_context.execute()
  File "C:\Users\SIPL Server\Downloads\DSS\FinalGrid\SukoonPMS\venv\Lib\site-packages\sqlalchemy\orm\unitofwork.py", line 465, in execute
    rec.execute(self)
  File "C:\Users\SIPL Server\Downloads\DSS\FinalGrid\SukoonPMS\venv\Lib\site-packages\sqlalchemy\orm\unitofwork.py", line 641, in execute
    util.preloaded.orm_persistence.save_obj(
  File "C:\Users\SIPL Server\Downloads\DSS\FinalGrid\SukoonPMS\venv\Lib\site-packages\sqlalchemy\orm\persistence.py", line 69, in save_obj
    ) in _organize_states_for_save(base_mapper, states, uowtransaction):
         ^^^^^^^^^^^^^^^^^^^^^^^^^^^^^^^^^^^^^^^^^^^^^^^^^^^^^^^^^^^^^^
  File "C:\Users\SIPL Server\Downloads\DSS\FinalGrid\SukoonPMS\venv\Lib\site-packages\sqlalchemy\orm\persistence.py", line 235, in _organize_states_for_save
    mapper.dispatch.before_insert(mapper, connection, state)
  File "C:\Users\SIPL Server\Downloads\DSS\FinalGrid\SukoonPMS\venv\Lib\site-packages\sqlalchemy\event\attr.py", line 516, in __call__
    fn(*args, **kw)
  File "C:\Users\SIPL Server\Downloads\DSS\FinalGrid\SukoonPMS\venv\Lib\site-packages\sqlalchemy\orm\events.py", line 893, in wrap
    fn(*arg, **kw)
  File "C:\Users\SIPL Server\Downloads\DSS\FinalGrid\SukoonPMS\verification\evidence\20260930_cf10_completion\verify_cf10_cf11.py", line 280, in boom
    raise RuntimeError('injected F2: audit insert failed')
RuntimeError: injected F2: audit insert failed

The above exception was the direct cause of the following exception:

Traceback (most recent call last):
  File "C:\wt_c4edc7b\app\routes.py", line 7853, in void_payment
    result = post_payment_correction(
             ^^^^^^^^^^^^^^^^^^^^^^^^
  File "C:\wt_c4edc7b\app\services.py", line 1217, in post_payment_correction
    audited_financial_write(
  File "C:\wt_c4edc7b\app\services.py", line 247, in audited_financial_write
    raise AuditCouplingError(
app.services.AuditCouplingError: audit row for Payment 14 (payment_reversed) could not be written: RuntimeError: injected F2: audit insert failed
2026-09-30 08:18:22 [INFO] app.gst: GST rate=5.00% source=room_type_override room_type=Deluxe
2026-09-30 08:18:22 [ERROR] app.routes: correction-pair void failed for payment_id=14
Traceback (most recent call last):
  File "C:\wt_c4edc7b\app\services.py", line 245, in audited_financial_write
    _db.session.flush()
  File "C:\Users\SIPL Server\Downloads\DSS\FinalGrid\SukoonPMS\venv\Lib\site-packages\sqlalchemy\orm\scoping.py", line 924, in flush
    return self._proxied.flush(objects=objects)
           ^^^^^^^^^^^^^^^^^^^^^^^^^^^^^^^^^^^^
  File "C:\Users\SIPL Server\Downloads\DSS\FinalGrid\SukoonPMS\venv\Lib\site-packages\sqlalchemy\orm\session.py", line 4352, in flush
    self._flush(objects)
  File "C:\Users\SIPL Server\Downloads\DSS\FinalGrid\SukoonPMS\venv\Lib\site-packages\sqlalchemy\orm\session.py", line 4487, in _flush
    with util.safe_reraise():
         ^^^^^^^^^^^^^^^^^^^
  File "C:\Users\SIPL Server\Downloads\DSS\FinalGrid\SukoonPMS\venv\Lib\site-packages\sqlalchemy\util\langhelpers.py", line 122, in __exit__
    raise exc_value.with_traceback(exc_tb)
  File "C:\Users\SIPL Server\Downloads\DSS\FinalGrid\SukoonPMS\venv\Lib\site-packages\sqlalchemy\orm\session.py", line 4448, in _flush
    flush_context.execute()
  File "C:\Users\SIPL Server\Downloads\DSS\FinalGrid\SukoonPMS\venv\Lib\site-packages\sqlalchemy\orm\unitofwork.py", line 465, in execute
    rec.execute(self)
  File "C:\Users\SIPL Server\Downloads\DSS\FinalGrid\SukoonPMS\venv\Lib\site-packages\sqlalchemy\orm\unitofwork.py", line 641, in execute
    util.preloaded.orm_persistence.save_obj(
  File "C:\Users\SIPL Server\Downloads\DSS\FinalGrid\SukoonPMS\venv\Lib\site-packages\sqlalchemy\orm\persistence.py", line 69, in save_obj
    ) in _organize_states_for_save(base_mapper, states, uowtransaction):
         ^^^^^^^^^^^^^^^^^^^^^^^^^^^^^^^^^^^^^^^^^^^^^^^^^^^^^^^^^^^^^^
  File "C:\Users\SIPL Server\Downloads\DSS\FinalGrid\SukoonPMS\venv\Lib\site-packages\sqlalchemy\orm\persistence.py", line 235, in _organize_states_for_save
    mapper.dispatch.before_insert(mapper, connection, state)
  File "C:\Users\SIPL Server\Downloads\DSS\FinalGrid\SukoonPMS\venv\Lib\site-packages\sqlalchemy\event\attr.py", line 516, in __call__
    fn(*args, **kw)
  File "C:\Users\SIPL Server\Downloads\DSS\FinalGrid\SukoonPMS\venv\Lib\site-packages\sqlalchemy\orm\events.py", line 893, in wrap
    fn(*arg, **kw)
  File "C:\Users\SIPL Server\Downloads\DSS\FinalGrid\SukoonPMS\verification\evidence\20260930_cf10_completion\verify_cf10_cf11.py", line 280, in boom
    raise RuntimeError('injected F2: audit insert failed')
RuntimeError: injected F2: audit insert failed

The above exception was the direct cause of the following exception:

Traceback (most recent call last):
  File "C:\wt_c4edc7b\app\routes.py", line 7853, in void_payment
    result = post_payment_correction(
             ^^^^^^^^^^^^^^^^^^^^^^^^
  File "C:\wt_c4edc7b\app\services.py", line 1217, in post_payment_correction
    audited_financial_write(
  File "C:\wt_c4edc7b\app\services.py", line 247, in audited_financial_write
    raise AuditCouplingError(
app.services.AuditCouplingError: audit row for Payment 15 (payment_reversed) could not be written: RuntimeError: injected F2: audit insert failed
2026-09-30 08:18:22 [INFO] app.gst: GST rate=5.00% source=room_type_override room_type=Deluxe
2026-09-30 08:18:22 [ERROR] app.routes: correction-pair void failed for payment_id=15
Traceback (most recent call last):
  File "C:\wt_c4edc7b\app\services.py", line 245, in audited_financial_write
    _db.session.flush()
  File "C:\Users\SIPL Server\Downloads\DSS\FinalGrid\SukoonPMS\venv\Lib\site-packages\sqlalchemy\orm\scoping.py", line 924, in flush
    return self._proxied.flush(objects=objects)
           ^^^^^^^^^^^^^^^^^^^^^^^^^^^^^^^^^^^^
  File "C:\Users\SIPL Server\Downloads\DSS\FinalGrid\SukoonPMS\venv\Lib\site-packages\sqlalchemy\orm\session.py", line 4352, in flush
    self._flush(objects)
  File "C:\Users\SIPL Server\Downloads\DSS\FinalGrid\SukoonPMS\venv\Lib\site-packages\sqlalchemy\orm\session.py", line 4487, in _flush
    with util.safe_reraise():
         ^^^^^^^^^^^^^^^^^^^
  File "C:\Users\SIPL Server\Downloads\DSS\FinalGrid\SukoonPMS\venv\Lib\site-packages\sqlalchemy\util\langhelpers.py", line 122, in __exit__
    raise exc_value.with_traceback(exc_tb)
  File "C:\Users\SIPL Server\Downloads\DSS\FinalGrid\SukoonPMS\venv\Lib\site-packages\sqlalchemy\orm\session.py", line 4448, in _flush
    flush_context.execute()
  File "C:\Users\SIPL Server\Downloads\DSS\FinalGrid\SukoonPMS\venv\Lib\site-packages\sqlalchemy\orm\unitofwork.py", line 465, in execute
    rec.execute(self)
  File "C:\Users\SIPL Server\Downloads\DSS\FinalGrid\SukoonPMS\venv\Lib\site-packages\sqlalchemy\orm\unitofwork.py", line 641, in execute
    util.preloaded.orm_persistence.save_obj(
  File "C:\Users\SIPL Server\Downloads\DSS\FinalGrid\SukoonPMS\venv\Lib\site-packages\sqlalchemy\orm\persistence.py", line 69, in save_obj
    ) in _organize_states_for_save(base_mapper, states, uowtransaction):
         ^^^^^^^^^^^^^^^^^^^^^^^^^^^^^^^^^^^^^^^^^^^^^^^^^^^^^^^^^^^^^^
  File "C:\Users\SIPL Server\Downloads\DSS\FinalGrid\SukoonPMS\venv\Lib\site-packages\sqlalchemy\orm\persistence.py", line 235, in _organize_states_for_save
    mapper.dispatch.before_insert(mapper, connection, state)
  File "C:\Users\SIPL Server\Downloads\DSS\FinalGrid\SukoonPMS\venv\Lib\site-packages\sqlalchemy\event\attr.py", line 516, in __call__
    fn(*args, **kw)
  File "C:\Users\SIPL Server\Downloads\DSS\FinalGrid\SukoonPMS\venv\Lib\site-packages\sqlalchemy\orm\events.py", line 893, in wrap
    fn(*arg, **kw)
  File "C:\Users\SIPL Server\Downloads\DSS\FinalGrid\SukoonPMS\verification\evidence\20260930_cf10_completion\verify_cf10_cf11.py", line 280, in boom
    raise RuntimeError('injected F2: audit insert failed')
RuntimeError: injected F2: audit insert failed

The above exception was the direct cause of the following exception:

Traceback (most recent call last):
  File "C:\wt_c4edc7b\app\routes.py", line 7853, in void_payment
    result = post_payment_correction(
             ^^^^^^^^^^^^^^^^^^^^^^^^
  File "C:\wt_c4edc7b\app\services.py", line 1248, in post_payment_correction
    audited_financial_write(
  File "C:\wt_c4edc7b\app\services.py", line 247, in audited_financial_write
    raise AuditCouplingError(
app.services.AuditCouplingError: audit row for Payment 17 (payment_corrected) could not be written: RuntimeError: injected F2: audit insert failed
2026-09-30 08:18:22 [INFO] app.gst: GST rate=5.00% source=room_type_override room_type=Deluxe
2026-09-30 08:18:22 [INFO] app.gst: GST rate=5.00% source=room_type_override room_type=Deluxe
2026-09-30 08:18:22 [INFO] app.gst: GST rate=5.00% source=room_type_override room_type=Deluxe
2026-09-30 08:18:22 [INFO] app.gst: GST rate=5.00% source=room_type_override room_type=Deluxe
2026-09-30 08:18:22 [INFO] app.gst: GST rate=5.00% source=room_type_override room_type=Deluxe
2026-09-30 08:18:22 [INFO] app.gst: GST rate=5.00% source=room_type_override room_type=Deluxe
2026-09-30 08:18:22 [INFO] app.gst: GST rate=5.00% source=room_type_override room_type=Deluxe
============================================================================================================================================
CF-10 / CF-11 HARDENING - GROUP corr
app root C:\wt_c4edc7b  commit c4edc7b23e83c4e0063a582c9fa80bb818cec7ea  app/ clean: True
production sha256 before: 51dd83b7f0fa42a3e85afb0f46c1a5f7cc6978436ff361250caef9ae92830bc2 (anchor)
============================================================================================================================================
copy=C:\Users\SIPL Server\Downloads\DSS\FinalGrid\SukoonPMS\verification\_work\cf10_corr.db  business date=2026-08-10  vacant=36  admin=2
W-08 / W-09 post_payment_correction via routes.void_payment
OK    W08-R-00     W-08    fixture payment sits on an audit-locked date               expect=True                   got=True                   
OK    W08-R-01     W-08    reversal row posted                                        expect=1                      got=1                      HTTP 302
OK    W09-R-01     W-09    replacement row posted                                     expect=1                      got=1                      
OK    W08-R-02     W-08    original row untouched (not voided)                        expect=False                  got=False                  
OK    W08-R-03     W-08    strict audit payment_reversed on the row                   expect=1                      got=1                      
OK    W08-R-04     W-08    audit carries the row amount                               expect=300.0                  got=300.0                  
OK    W08-R-05     W-08    audit actor is the operator                                expect=2                      got=2                      
OK    W09-R-03     W-09    strict audit payment_corrected on the row                  expect=1                      got=1                      
OK    W09-R-04     W-09    audit carries the row amount                               expect=250.0                  got=250.0                  
OK    W09-R-05     W-09    audit actor is the operator                                expect=2                      got=2                      
OK    W08-R-B-F1-any W-08/09 correction, F1 on any audit: nothing posted, original inta expect=[{'id': 10, 'folio_id' got=[{'id': 10, 'folio_id' HTTP 302
OK    W08-R-B-F1-payment_reversed W-08/09 correction, F1 on payment_reversed audit: nothing posted,  expect=[{'id': 11, 'folio_id' got=[{'id': 11, 'folio_id' HTTP 302
OK    W08-R-B-F1-payment_corrected W-08/09 correction, F1 on payment_corrected audit: nothing posted, expect=[{'id': 12, 'folio_id' got=[{'id': 12, 'folio_id' HTTP 302
OK    W08-R-B-F2-any W-08/09 correction, F2 on any audit: nothing posted, original inta expect=[{'id': 13, 'folio_id' got=[{'id': 13, 'folio_id' HTTP 302
OK    W08-R-B-F2-payment_reversed W-08/09 correction, F2 on payment_reversed audit: nothing posted,  expect=[{'id': 14, 'folio_id' got=[{'id': 14, 'folio_id' HTTP 302
OK    W08-R-B-F2-payment_corrected W-08/09 correction, F2 on payment_corrected audit: nothing posted, expect=[{'id': 15, 'folio_id' got=[{'id': 15, 'folio_id' HTTP 302
W-08 / W-09 post_payment_correction via billing.direct_void
OK    W08-B-00     W-08    fixture payment sits on an audit-locked date               expect=True                   got=True                   
OK    W08-B-01     W-08    reversal row posted                                        expect=1                      got=1                      HTTP 302
OK    W09-B-01     W-09    replacement row posted                                     expect=1                      got=1                      
OK    W08-B-02     W-08    original row untouched (not voided)                        expect=False                  got=False                  
OK    W08-B-03     W-08    strict audit payment_reversed on the row                   expect=1                      got=1                      
OK    W08-B-04     W-08    audit carries the row amount                               expect=300.0                  got=300.0                  
OK    W08-B-05     W-08    audit actor is the operator                                expect=2                      got=2                      
OK    W09-B-03     W-09    strict audit payment_corrected on the row                  expect=1                      got=1                      
OK    W09-B-04     W-09    audit carries the row amount                               expect=250.0                  got=250.0                  
OK    W09-B-05     W-09    audit actor is the operator                                expect=2                      got=2                      
OK    W08-B-B-F1-any W-08/09 correction, F1 on any audit: nothing posted, original inta expect=[{'id': 19, 'folio_id' got=[{'id': 19, 'folio_id' HTTP 302
OK    W08-B-B-F1-payment_reversed W-08/09 correction, F1 on payment_reversed audit: nothing posted,  expect=[{'id': 20, 'folio_id' got=[{'id': 20, 'folio_id' HTTP 302
OK    W08-B-B-F1-payment_corrected W-08/09 correction, F1 on payment_corrected audit: nothing posted, expect=[{'id': 21, 'folio_id' got=[{'id': 21, 'folio_id' HTTP 302
OK    W08-B-B-F2-any W-08/09 correction, F2 on any audit: nothing posted, original inta expect=[{'id': 22, 'folio_id' got=[{'id': 22, 'folio_id' HTTP 302
OK    W08-B-B-F2-payment_reversed W-08/09 correction, F2 on payment_reversed audit: nothing posted,  expect=[{'id': 23, 'folio_id' got=[{'id': 23, 'folio_id' HTTP 302
OK    W08-B-B-F2-payment_corrected W-08/09 correction, F2 on payment_corrected audit: nothing posted, expect=[{'id': 24, 'folio_id' got=[{'id': 24, 'folio_id' HTTP 302
W-22 / W-23 post_extra_charge_correction - service only (no application caller)
OK    W22-01       W-22    row posted and inherits the original folio (R-3)           expect=19                     got=19                     
OK    W22-02       W-22    strict audit charge_reversed written without any audit_wri expect=1                      got=1                      
OK    W22-03       W-22    audit carries the row amount                               expect=300.0                  got=300.0                  
OK    W22-04       W-22    audit actor is the operator                                expect=2                      got=2                      
OK    W23-01       W-23    row posted and inherits the original folio (R-3)           expect=19                     got=19                     
OK    W23-02       W-23    strict audit charge_corrected written without any audit_wr expect=1                      got=1                      
OK    W23-03       W-23    audit carries the row amount                               expect=150.0                  got=150.0                  
OK    W23-04       W-23    audit actor is the operator                                expect=2                      got=2                      
OK    W22-B-F1     W-22/23 correction under F1: service raises                        expect=True                   got=True                   RuntimeError
OK    W22-C-F1     W-22/23 correction under F1: no rows persisted                     expect=1                      got=1                      
OK    W22-B-F2     W-22/23 correction under F2: service raises                        expect=True                   got=True                   AuditCouplingError
OK    W22-C-F2     W-22/23 correction under F2: no rows persisted                     expect=1                      got=1                      
OK    W22-D        W-22/23 blank reason refused, no rows                              expect=(True, 1)              got=(True, 1)              
OK    P-01         prod    production database unchanged (sha256 == anchor)           expect='51dd83b7f0fa42a3e85af got='51dd83b7f0fa42a3e85af 
--------------------------------------------------------------------------------------------------------------------------------------------
GROUP corr: 46/46 gates passed -> PASS
2026-09-30 08:18:22 [INFO] apscheduler.scheduler: Scheduler has been shut down
2026-09-30 08:18:23 [WARNING] app: Running on SQLite — row-level locking (with_for_update) is not enforced. SQLite uses a database-wide write lock; concurrent writers will serialise. Move to PostgreSQL for true per-row locking and higher concurrency.
2026-09-30 08:18:23 [INFO] app: ------- SECURITY MODE -------
2026-09-30 08:18:23 [INFO] app:   env                : production
2026-09-30 08:18:23 [INFO] app:   secret_key         : set (>=32 chars)
2026-09-30 08:18:23 [INFO] app:   updater_signing    : ENFORCED
2026-09-30 08:18:23 [INFO] app:   encryption         : available
2026-09-30 08:18:23 [INFO] app:   lan_access         : disabled (127.0.0.1 only)
2026-09-30 08:18:23 [INFO] app:   schema_drift_mode  : warn-only
2026-09-30 08:18:23 [INFO] app: -----------------------------
2026-09-30 08:18:23 [INFO] app: db.create_all() skipped in production. Use Alembic migrations for schema changes. Set DB_AUTO_CREATE=1 to force-enable at next boot.
2026-09-30 08:18:23 [INFO] app: SQLite: ensured table credit_vouchers exists
2026-09-30 08:18:23 [INFO] app: SQLite: ensured table credit_voucher_redemptions exists
2026-09-30 08:18:23 [INFO] apscheduler.scheduler: Scheduler started
2026-09-30 08:18:23 [INFO] apscheduler.scheduler: Added job "setup_backup_scheduler.<locals>._scheduled_backup" to job store "default"
2026-09-30 08:18:23 [INFO] app.backup_manager: Daily backup scheduled at 03:00
2026-09-30 08:18:23 [INFO] apscheduler.scheduler: Added job "flush_notification_queue" to job store "default"
2026-09-30 08:18:23 [INFO] apscheduler.scheduler: Added job "create_app.<locals>._prune_old_logs" to job store "default"
2026-09-30 08:18:23 [INFO] apscheduler.scheduler: Added job "create_app.<locals>._run_predictive_maintenance" to job store "default"
2026-09-30 08:18:23 [ERROR] app.routes: cancel_reservation failed for res=8
Traceback (most recent call last):
  File "C:\wt_c4edc7b\app\routes.py", line 8853, in cancel_reservation
    result = post_cancellation_disposition(
             ^^^^^^^^^^^^^^^^^^^^^^^^^^^^^^
  File "C:\wt_c4edc7b\app\services.py", line 1795, in post_cancellation_disposition
    audited_financial_write(                                        # Q-5
  File "C:\wt_c4edc7b\app\services.py", line 236, in audited_financial_write
    log = AuditLog(entity_type=entity_type,
          ^^^^^^^^^^^^^^^^^^^^^^^^^^^^^^^^^
  File "C:\Users\SIPL Server\Downloads\DSS\FinalGrid\SukoonPMS\verification\evidence\20260930_cf10_completion\verify_cf10_cf11.py", line 267, in boom
    raise RuntimeError('injected F1: audit row could not be constructed')
RuntimeError: injected F1: audit row could not be constructed
2026-09-30 08:18:23 [ERROR] app.routes: cancel_reservation failed for res=9
Traceback (most recent call last):
  File "C:\wt_c4edc7b\app\routes.py", line 8853, in cancel_reservation
    result = post_cancellation_disposition(
             ^^^^^^^^^^^^^^^^^^^^^^^^^^^^^^
  File "C:\wt_c4edc7b\app\services.py", line 1795, in post_cancellation_disposition
    audited_financial_write(                                        # Q-5
  File "C:\wt_c4edc7b\app\services.py", line 236, in audited_financial_write
    log = AuditLog(entity_type=entity_type,
          ^^^^^^^^^^^^^^^^^^^^^^^^^^^^^^^^^
  File "C:\Users\SIPL Server\Downloads\DSS\FinalGrid\SukoonPMS\verification\evidence\20260930_cf10_completion\verify_cf10_cf11.py", line 267, in boom
    raise RuntimeError('injected F1: audit row could not be constructed')
RuntimeError: injected F1: audit row could not be constructed
2026-09-30 08:18:23 [ERROR] app.routes: cancel_reservation failed for res=10
Traceback (most recent call last):
  File "C:\wt_c4edc7b\app\routes.py", line 8853, in cancel_reservation
    result = post_cancellation_disposition(
             ^^^^^^^^^^^^^^^^^^^^^^^^^^^^^^
  File "C:\wt_c4edc7b\app\services.py", line 1867, in post_cancellation_disposition
    audited_financial_write(
  File "C:\wt_c4edc7b\app\services.py", line 236, in audited_financial_write
    log = AuditLog(entity_type=entity_type,
          ^^^^^^^^^^^^^^^^^^^^^^^^^^^^^^^^^
  File "C:\Users\SIPL Server\Downloads\DSS\FinalGrid\SukoonPMS\verification\evidence\20260930_cf10_completion\verify_cf10_cf11.py", line 267, in boom
    raise RuntimeError('injected F1: audit row could not be constructed')
RuntimeError: injected F1: audit row could not be constructed
2026-09-30 08:18:23 [ERROR] app.routes: cancel_reservation failed for res=11
Traceback (most recent call last):
  File "C:\wt_c4edc7b\app\routes.py", line 8871, in cancel_reservation
    _write_audit_strict('Reservation', reservation.id, 'cancelled',
  File "C:\wt_c4edc7b\app\routes.py", line 362, in _write_audit_strict
    return audited_financial_write(entity_type, entity_id, action,
           ^^^^^^^^^^^^^^^^^^^^^^^^^^^^^^^^^^^^^^^^^^^^^^^^^^^^^^^
  File "C:\wt_c4edc7b\app\services.py", line 236, in audited_financial_write
    log = AuditLog(entity_type=entity_type,
          ^^^^^^^^^^^^^^^^^^^^^^^^^^^^^^^^^
  File "C:\Users\SIPL Server\Downloads\DSS\FinalGrid\SukoonPMS\verification\evidence\20260930_cf10_completion\verify_cf10_cf11.py", line 267, in boom
    raise RuntimeError('injected F1: audit row could not be constructed')
RuntimeError: injected F1: audit row could not be constructed
2026-09-30 08:18:23 [ERROR] app.routes: cancel_reservation failed for res=12
Traceback (most recent call last):
  File "C:\wt_c4edc7b\app\routes.py", line 8853, in cancel_reservation
    result = post_cancellation_disposition(
             ^^^^^^^^^^^^^^^^^^^^^^^^^^^^^^
  File "C:\wt_c4edc7b\app\services.py", line 1867, in post_cancellation_disposition
    audited_financial_write(
  File "C:\wt_c4edc7b\app\services.py", line 236, in audited_financial_write
    log = AuditLog(entity_type=entity_type,
          ^^^^^^^^^^^^^^^^^^^^^^^^^^^^^^^^^
  File "C:\Users\SIPL Server\Downloads\DSS\FinalGrid\SukoonPMS\verification\evidence\20260930_cf10_completion\verify_cf10_cf11.py", line 267, in boom
    raise RuntimeError('injected F1: audit row could not be constructed')
RuntimeError: injected F1: audit row could not be constructed
2026-09-30 08:18:23 [ERROR] app.routes: cancel_reservation failed for res=13
Traceback (most recent call last):
  File "C:\wt_c4edc7b\app\routes.py", line 8853, in cancel_reservation
    result = post_cancellation_disposition(
             ^^^^^^^^^^^^^^^^^^^^^^^^^^^^^^
  File "C:\wt_c4edc7b\app\services.py", line 1886, in post_cancellation_disposition
    audited_financial_write(
  File "C:\wt_c4edc7b\app\services.py", line 236, in audited_financial_write
    log = AuditLog(entity_type=entity_type,
          ^^^^^^^^^^^^^^^^^^^^^^^^^^^^^^^^^
  File "C:\Users\SIPL Server\Downloads\DSS\FinalGrid\SukoonPMS\verification\evidence\20260930_cf10_completion\verify_cf10_cf11.py", line 267, in boom
    raise RuntimeError('injected F1: audit row could not be constructed')
RuntimeError: injected F1: audit row could not be constructed
2026-09-30 08:18:23 [ERROR] app.routes: cancel_reservation failed for res=14
Traceback (most recent call last):
  File "C:\wt_c4edc7b\app\routes.py", line 8871, in cancel_reservation
    _write_audit_strict('Reservation', reservation.id, 'cancelled',
  File "C:\wt_c4edc7b\app\routes.py", line 362, in _write_audit_strict
    return audited_financial_write(entity_type, entity_id, action,
           ^^^^^^^^^^^^^^^^^^^^^^^^^^^^^^^^^^^^^^^^^^^^^^^^^^^^^^^
  File "C:\wt_c4edc7b\app\services.py", line 236, in audited_financial_write
    log = AuditLog(entity_type=entity_type,
          ^^^^^^^^^^^^^^^^^^^^^^^^^^^^^^^^^
  File "C:\Users\SIPL Server\Downloads\DSS\FinalGrid\SukoonPMS\verification\evidence\20260930_cf10_completion\verify_cf10_cf11.py", line 267, in boom
    raise RuntimeError('injected F1: audit row could not be constructed')
RuntimeError: injected F1: audit row could not be constructed
2026-09-30 08:18:23 [ERROR] app.routes: cancel_reservation failed for res=15
Traceback (most recent call last):
  File "C:\wt_c4edc7b\app\services.py", line 245, in audited_financial_write
    _db.session.flush()
  File "C:\Users\SIPL Server\Downloads\DSS\FinalGrid\SukoonPMS\venv\Lib\site-packages\sqlalchemy\orm\scoping.py", line 924, in flush
    return self._proxied.flush(objects=objects)
           ^^^^^^^^^^^^^^^^^^^^^^^^^^^^^^^^^^^^
  File "C:\Users\SIPL Server\Downloads\DSS\FinalGrid\SukoonPMS\venv\Lib\site-packages\sqlalchemy\orm\session.py", line 4352, in flush
    self._flush(objects)
  File "C:\Users\SIPL Server\Downloads\DSS\FinalGrid\SukoonPMS\venv\Lib\site-packages\sqlalchemy\orm\session.py", line 4487, in _flush
    with util.safe_reraise():
         ^^^^^^^^^^^^^^^^^^^
  File "C:\Users\SIPL Server\Downloads\DSS\FinalGrid\SukoonPMS\venv\Lib\site-packages\sqlalchemy\util\langhelpers.py", line 122, in __exit__
    raise exc_value.with_traceback(exc_tb)
  File "C:\Users\SIPL Server\Downloads\DSS\FinalGrid\SukoonPMS\venv\Lib\site-packages\sqlalchemy\orm\session.py", line 4448, in _flush
    flush_context.execute()
  File "C:\Users\SIPL Server\Downloads\DSS\FinalGrid\SukoonPMS\venv\Lib\site-packages\sqlalchemy\orm\unitofwork.py", line 465, in execute
    rec.execute(self)
  File "C:\Users\SIPL Server\Downloads\DSS\FinalGrid\SukoonPMS\venv\Lib\site-packages\sqlalchemy\orm\unitofwork.py", line 641, in execute
    util.preloaded.orm_persistence.save_obj(
  File "C:\Users\SIPL Server\Downloads\DSS\FinalGrid\SukoonPMS\venv\Lib\site-packages\sqlalchemy\orm\persistence.py", line 69, in save_obj
    ) in _organize_states_for_save(base_mapper, states, uowtransaction):
         ^^^^^^^^^^^^^^^^^^^^^^^^^^^^^^^^^^^^^^^^^^^^^^^^^^^^^^^^^^^^^^
  File "C:\Users\SIPL Server\Downloads\DSS\FinalGrid\SukoonPMS\venv\Lib\site-packages\sqlalchemy\orm\persistence.py", line 235, in _organize_states_for_save
    mapper.dispatch.before_insert(mapper, connection, state)
  File "C:\Users\SIPL Server\Downloads\DSS\FinalGrid\SukoonPMS\venv\Lib\site-packages\sqlalchemy\event\attr.py", line 516, in __call__
    fn(*args, **kw)
  File "C:\Users\SIPL Server\Downloads\DSS\FinalGrid\SukoonPMS\venv\Lib\site-packages\sqlalchemy\orm\events.py", line 893, in wrap
    fn(*arg, **kw)
  File "C:\Users\SIPL Server\Downloads\DSS\FinalGrid\SukoonPMS\verification\evidence\20260930_cf10_completion\verify_cf10_cf11.py", line 280, in boom
    raise RuntimeError('injected F2: audit insert failed')
RuntimeError: injected F2: audit insert failed

The above exception was the direct cause of the following exception:

Traceback (most recent call last):
  File "C:\wt_c4edc7b\app\routes.py", line 8853, in cancel_reservation
    result = post_cancellation_disposition(
             ^^^^^^^^^^^^^^^^^^^^^^^^^^^^^^
  File "C:\wt_c4edc7b\app\services.py", line 1795, in post_cancellation_disposition
    audited_financial_write(                                        # Q-5
  File "C:\wt_c4edc7b\app\services.py", line 247, in audited_financial_write
    raise AuditCouplingError(
app.services.AuditCouplingError: audit row for Payment 19 (cancellation_refund) could not be written: RuntimeError: injected F2: audit insert failed
2026-09-30 08:18:24 [ERROR] app.routes: cancel_reservation failed for res=16
Traceback (most recent call last):
  File "C:\wt_c4edc7b\app\services.py", line 245, in audited_financial_write
    _db.session.flush()
  File "C:\Users\SIPL Server\Downloads\DSS\FinalGrid\SukoonPMS\venv\Lib\site-packages\sqlalchemy\orm\scoping.py", line 924, in flush
    return self._proxied.flush(objects=objects)
           ^^^^^^^^^^^^^^^^^^^^^^^^^^^^^^^^^^^^
  File "C:\Users\SIPL Server\Downloads\DSS\FinalGrid\SukoonPMS\venv\Lib\site-packages\sqlalchemy\orm\session.py", line 4352, in flush
    self._flush(objects)
  File "C:\Users\SIPL Server\Downloads\DSS\FinalGrid\SukoonPMS\venv\Lib\site-packages\sqlalchemy\orm\session.py", line 4487, in _flush
    with util.safe_reraise():
         ^^^^^^^^^^^^^^^^^^^
  File "C:\Users\SIPL Server\Downloads\DSS\FinalGrid\SukoonPMS\venv\Lib\site-packages\sqlalchemy\util\langhelpers.py", line 122, in __exit__
    raise exc_value.with_traceback(exc_tb)
  File "C:\Users\SIPL Server\Downloads\DSS\FinalGrid\SukoonPMS\venv\Lib\site-packages\sqlalchemy\orm\session.py", line 4448, in _flush
    flush_context.execute()
  File "C:\Users\SIPL Server\Downloads\DSS\FinalGrid\SukoonPMS\venv\Lib\site-packages\sqlalchemy\orm\unitofwork.py", line 465, in execute
    rec.execute(self)
  File "C:\Users\SIPL Server\Downloads\DSS\FinalGrid\SukoonPMS\venv\Lib\site-packages\sqlalchemy\orm\unitofwork.py", line 641, in execute
    util.preloaded.orm_persistence.save_obj(
  File "C:\Users\SIPL Server\Downloads\DSS\FinalGrid\SukoonPMS\venv\Lib\site-packages\sqlalchemy\orm\persistence.py", line 69, in save_obj
    ) in _organize_states_for_save(base_mapper, states, uowtransaction):
         ^^^^^^^^^^^^^^^^^^^^^^^^^^^^^^^^^^^^^^^^^^^^^^^^^^^^^^^^^^^^^^
  File "C:\Users\SIPL Server\Downloads\DSS\FinalGrid\SukoonPMS\venv\Lib\site-packages\sqlalchemy\orm\persistence.py", line 235, in _organize_states_for_save
    mapper.dispatch.before_insert(mapper, connection, state)
  File "C:\Users\SIPL Server\Downloads\DSS\FinalGrid\SukoonPMS\venv\Lib\site-packages\sqlalchemy\event\attr.py", line 516, in __call__
    fn(*args, **kw)
  File "C:\Users\SIPL Server\Downloads\DSS\FinalGrid\SukoonPMS\venv\Lib\site-packages\sqlalchemy\orm\events.py", line 893, in wrap
    fn(*arg, **kw)
  File "C:\Users\SIPL Server\Downloads\DSS\FinalGrid\SukoonPMS\verification\evidence\20260930_cf10_completion\verify_cf10_cf11.py", line 280, in boom
    raise RuntimeError('injected F2: audit insert failed')
RuntimeError: injected F2: audit insert failed

The above exception was the direct cause of the following exception:

Traceback (most recent call last):
  File "C:\wt_c4edc7b\app\routes.py", line 8853, in cancel_reservation
    result = post_cancellation_disposition(
             ^^^^^^^^^^^^^^^^^^^^^^^^^^^^^^
  File "C:\wt_c4edc7b\app\services.py", line 1795, in post_cancellation_disposition
    audited_financial_write(                                        # Q-5
  File "C:\wt_c4edc7b\app\services.py", line 247, in audited_financial_write
    raise AuditCouplingError(
app.services.AuditCouplingError: audit row for Payment 20 (cancellation_refund) could not be written: RuntimeError: injected F2: audit insert failed
2026-09-30 08:18:24 [ERROR] app.routes: cancel_reservation failed for res=17
Traceback (most recent call last):
  File "C:\wt_c4edc7b\app\services.py", line 245, in audited_financial_write
    _db.session.flush()
  File "C:\Users\SIPL Server\Downloads\DSS\FinalGrid\SukoonPMS\venv\Lib\site-packages\sqlalchemy\orm\scoping.py", line 924, in flush
    return self._proxied.flush(objects=objects)
           ^^^^^^^^^^^^^^^^^^^^^^^^^^^^^^^^^^^^
  File "C:\Users\SIPL Server\Downloads\DSS\FinalGrid\SukoonPMS\venv\Lib\site-packages\sqlalchemy\orm\session.py", line 4352, in flush
    self._flush(objects)
  File "C:\Users\SIPL Server\Downloads\DSS\FinalGrid\SukoonPMS\venv\Lib\site-packages\sqlalchemy\orm\session.py", line 4487, in _flush
    with util.safe_reraise():
         ^^^^^^^^^^^^^^^^^^^
  File "C:\Users\SIPL Server\Downloads\DSS\FinalGrid\SukoonPMS\venv\Lib\site-packages\sqlalchemy\util\langhelpers.py", line 122, in __exit__
    raise exc_value.with_traceback(exc_tb)
  File "C:\Users\SIPL Server\Downloads\DSS\FinalGrid\SukoonPMS\venv\Lib\site-packages\sqlalchemy\orm\session.py", line 4448, in _flush
    flush_context.execute()
  File "C:\Users\SIPL Server\Downloads\DSS\FinalGrid\SukoonPMS\venv\Lib\site-packages\sqlalchemy\orm\unitofwork.py", line 465, in execute
    rec.execute(self)
  File "C:\Users\SIPL Server\Downloads\DSS\FinalGrid\SukoonPMS\venv\Lib\site-packages\sqlalchemy\orm\unitofwork.py", line 641, in execute
    util.preloaded.orm_persistence.save_obj(
  File "C:\Users\SIPL Server\Downloads\DSS\FinalGrid\SukoonPMS\venv\Lib\site-packages\sqlalchemy\orm\persistence.py", line 69, in save_obj
    ) in _organize_states_for_save(base_mapper, states, uowtransaction):
         ^^^^^^^^^^^^^^^^^^^^^^^^^^^^^^^^^^^^^^^^^^^^^^^^^^^^^^^^^^^^^^
  File "C:\Users\SIPL Server\Downloads\DSS\FinalGrid\SukoonPMS\venv\Lib\site-packages\sqlalchemy\orm\persistence.py", line 235, in _organize_states_for_save
    mapper.dispatch.before_insert(mapper, connection, state)
  File "C:\Users\SIPL Server\Downloads\DSS\FinalGrid\SukoonPMS\venv\Lib\site-packages\sqlalchemy\event\attr.py", line 516, in __call__
    fn(*args, **kw)
  File "C:\Users\SIPL Server\Downloads\DSS\FinalGrid\SukoonPMS\venv\Lib\site-packages\sqlalchemy\orm\events.py", line 893, in wrap
    fn(*arg, **kw)
  File "C:\Users\SIPL Server\Downloads\DSS\FinalGrid\SukoonPMS\verification\evidence\20260930_cf10_completion\verify_cf10_cf11.py", line 280, in boom
    raise RuntimeError('injected F2: audit insert failed')
RuntimeError: injected F2: audit insert failed

The above exception was the direct cause of the following exception:

Traceback (most recent call last):
  File "C:\wt_c4edc7b\app\routes.py", line 8853, in cancel_reservation
    result = post_cancellation_disposition(
             ^^^^^^^^^^^^^^^^^^^^^^^^^^^^^^
  File "C:\wt_c4edc7b\app\services.py", line 1867, in post_cancellation_disposition
    audited_financial_write(
  File "C:\wt_c4edc7b\app\services.py", line 247, in audited_financial_write
    raise AuditCouplingError(
app.services.AuditCouplingError: audit row for Reservation 17 (cancellation_disposition) could not be written: RuntimeError: injected F2: audit insert failed
2026-09-30 08:18:24 [ERROR] app.routes: cancel_reservation failed for res=18
Traceback (most recent call last):
  File "C:\wt_c4edc7b\app\services.py", line 245, in audited_financial_write
    _db.session.flush()
  File "C:\Users\SIPL Server\Downloads\DSS\FinalGrid\SukoonPMS\venv\Lib\site-packages\sqlalchemy\orm\scoping.py", line 924, in flush
    return self._proxied.flush(objects=objects)
           ^^^^^^^^^^^^^^^^^^^^^^^^^^^^^^^^^^^^
  File "C:\Users\SIPL Server\Downloads\DSS\FinalGrid\SukoonPMS\venv\Lib\site-packages\sqlalchemy\orm\session.py", line 4352, in flush
    self._flush(objects)
  File "C:\Users\SIPL Server\Downloads\DSS\FinalGrid\SukoonPMS\venv\Lib\site-packages\sqlalchemy\orm\session.py", line 4487, in _flush
    with util.safe_reraise():
         ^^^^^^^^^^^^^^^^^^^
  File "C:\Users\SIPL Server\Downloads\DSS\FinalGrid\SukoonPMS\venv\Lib\site-packages\sqlalchemy\util\langhelpers.py", line 122, in __exit__
    raise exc_value.with_traceback(exc_tb)
  File "C:\Users\SIPL Server\Downloads\DSS\FinalGrid\SukoonPMS\venv\Lib\site-packages\sqlalchemy\orm\session.py", line 4448, in _flush
    flush_context.execute()
  File "C:\Users\SIPL Server\Downloads\DSS\FinalGrid\SukoonPMS\venv\Lib\site-packages\sqlalchemy\orm\unitofwork.py", line 465, in execute
    rec.execute(self)
  File "C:\Users\SIPL Server\Downloads\DSS\FinalGrid\SukoonPMS\venv\Lib\site-packages\sqlalchemy\orm\unitofwork.py", line 641, in execute
    util.preloaded.orm_persistence.save_obj(
  File "C:\Users\SIPL Server\Downloads\DSS\FinalGrid\SukoonPMS\venv\Lib\site-packages\sqlalchemy\orm\persistence.py", line 69, in save_obj
    ) in _organize_states_for_save(base_mapper, states, uowtransaction):
         ^^^^^^^^^^^^^^^^^^^^^^^^^^^^^^^^^^^^^^^^^^^^^^^^^^^^^^^^^^^^^^
  File "C:\Users\SIPL Server\Downloads\DSS\FinalGrid\SukoonPMS\venv\Lib\site-packages\sqlalchemy\orm\persistence.py", line 235, in _organize_states_for_save
    mapper.dispatch.before_insert(mapper, connection, state)
  File "C:\Users\SIPL Server\Downloads\DSS\FinalGrid\SukoonPMS\venv\Lib\site-packages\sqlalchemy\event\attr.py", line 516, in __call__
    fn(*args, **kw)
  File "C:\Users\SIPL Server\Downloads\DSS\FinalGrid\SukoonPMS\venv\Lib\site-packages\sqlalchemy\orm\events.py", line 893, in wrap
    fn(*arg, **kw)
  File "C:\Users\SIPL Server\Downloads\DSS\FinalGrid\SukoonPMS\verification\evidence\20260930_cf10_completion\verify_cf10_cf11.py", line 280, in boom
    raise RuntimeError('injected F2: audit insert failed')
RuntimeError: injected F2: audit insert failed

The above exception was the direct cause of the following exception:

Traceback (most recent call last):
  File "C:\wt_c4edc7b\app\routes.py", line 8871, in cancel_reservation
    _write_audit_strict('Reservation', reservation.id, 'cancelled',
  File "C:\wt_c4edc7b\app\routes.py", line 362, in _write_audit_strict
    return audited_financial_write(entity_type, entity_id, action,
           ^^^^^^^^^^^^^^^^^^^^^^^^^^^^^^^^^^^^^^^^^^^^^^^^^^^^^^^
  File "C:\wt_c4edc7b\app\services.py", line 247, in audited_financial_write
    raise AuditCouplingError(
app.services.AuditCouplingError: audit row for Reservation 18 (cancelled) could not be written: RuntimeError: injected F2: audit insert failed
2026-09-30 08:18:24 [ERROR] app.routes: cancel_reservation failed for res=19
Traceback (most recent call last):
  File "C:\wt_c4edc7b\app\services.py", line 245, in audited_financial_write
    _db.session.flush()
  File "C:\Users\SIPL Server\Downloads\DSS\FinalGrid\SukoonPMS\venv\Lib\site-packages\sqlalchemy\orm\scoping.py", line 924, in flush
    return self._proxied.flush(objects=objects)
           ^^^^^^^^^^^^^^^^^^^^^^^^^^^^^^^^^^^^
  File "C:\Users\SIPL Server\Downloads\DSS\FinalGrid\SukoonPMS\venv\Lib\site-packages\sqlalchemy\orm\session.py", line 4352, in flush
    self._flush(objects)
  File "C:\Users\SIPL Server\Downloads\DSS\FinalGrid\SukoonPMS\venv\Lib\site-packages\sqlalchemy\orm\session.py", line 4487, in _flush
    with util.safe_reraise():
         ^^^^^^^^^^^^^^^^^^^
  File "C:\Users\SIPL Server\Downloads\DSS\FinalGrid\SukoonPMS\venv\Lib\site-packages\sqlalchemy\util\langhelpers.py", line 122, in __exit__
    raise exc_value.with_traceback(exc_tb)
  File "C:\Users\SIPL Server\Downloads\DSS\FinalGrid\SukoonPMS\venv\Lib\site-packages\sqlalchemy\orm\session.py", line 4448, in _flush
    flush_context.execute()
  File "C:\Users\SIPL Server\Downloads\DSS\FinalGrid\SukoonPMS\venv\Lib\site-packages\sqlalchemy\orm\unitofwork.py", line 465, in execute
    rec.execute(self)
  File "C:\Users\SIPL Server\Downloads\DSS\FinalGrid\SukoonPMS\venv\Lib\site-packages\sqlalchemy\orm\unitofwork.py", line 641, in execute
    util.preloaded.orm_persistence.save_obj(
  File "C:\Users\SIPL Server\Downloads\DSS\FinalGrid\SukoonPMS\venv\Lib\site-packages\sqlalchemy\orm\persistence.py", line 69, in save_obj
    ) in _organize_states_for_save(base_mapper, states, uowtransaction):
         ^^^^^^^^^^^^^^^^^^^^^^^^^^^^^^^^^^^^^^^^^^^^^^^^^^^^^^^^^^^^^^
  File "C:\Users\SIPL Server\Downloads\DSS\FinalGrid\SukoonPMS\venv\Lib\site-packages\sqlalchemy\orm\persistence.py", line 235, in _organize_states_for_save
    mapper.dispatch.before_insert(mapper, connection, state)
  File "C:\Users\SIPL Server\Downloads\DSS\FinalGrid\SukoonPMS\venv\Lib\site-packages\sqlalchemy\event\attr.py", line 516, in __call__
    fn(*args, **kw)
  File "C:\Users\SIPL Server\Downloads\DSS\FinalGrid\SukoonPMS\venv\Lib\site-packages\sqlalchemy\orm\events.py", line 893, in wrap
    fn(*arg, **kw)
  File "C:\Users\SIPL Server\Downloads\DSS\FinalGrid\SukoonPMS\verification\evidence\20260930_cf10_completion\verify_cf10_cf11.py", line 280, in boom
    raise RuntimeError('injected F2: audit insert failed')
RuntimeError: injected F2: audit insert failed

The above exception was the direct cause of the following exception:

Traceback (most recent call last):
  File "C:\wt_c4edc7b\app\routes.py", line 8853, in cancel_reservation
    result = post_cancellation_disposition(
             ^^^^^^^^^^^^^^^^^^^^^^^^^^^^^^
  File "C:\wt_c4edc7b\app\services.py", line 1867, in post_cancellation_disposition
    audited_financial_write(
  File "C:\wt_c4edc7b\app\services.py", line 247, in audited_financial_write
    raise AuditCouplingError(
app.services.AuditCouplingError: audit row for Reservation 19 (cancellation_disposition) could not be written: RuntimeError: injected F2: audit insert failed
2026-09-30 08:18:24 [ERROR] app.routes: cancel_reservation failed for res=20
Traceback (most recent call last):
  File "C:\wt_c4edc7b\app\services.py", line 245, in audited_financial_write
    _db.session.flush()
  File "C:\Users\SIPL Server\Downloads\DSS\FinalGrid\SukoonPMS\venv\Lib\site-packages\sqlalchemy\orm\scoping.py", line 924, in flush
    return self._proxied.flush(objects=objects)
           ^^^^^^^^^^^^^^^^^^^^^^^^^^^^^^^^^^^^
  File "C:\Users\SIPL Server\Downloads\DSS\FinalGrid\SukoonPMS\venv\Lib\site-packages\sqlalchemy\orm\session.py", line 4352, in flush
    self._flush(objects)
  File "C:\Users\SIPL Server\Downloads\DSS\FinalGrid\SukoonPMS\venv\Lib\site-packages\sqlalchemy\orm\session.py", line 4487, in _flush
    with util.safe_reraise():
         ^^^^^^^^^^^^^^^^^^^
  File "C:\Users\SIPL Server\Downloads\DSS\FinalGrid\SukoonPMS\venv\Lib\site-packages\sqlalchemy\util\langhelpers.py", line 122, in __exit__
    raise exc_value.with_traceback(exc_tb)
  File "C:\Users\SIPL Server\Downloads\DSS\FinalGrid\SukoonPMS\venv\Lib\site-packages\sqlalchemy\orm\session.py", line 4448, in _flush
    flush_context.execute()
  File "C:\Users\SIPL Server\Downloads\DSS\FinalGrid\SukoonPMS\venv\Lib\site-packages\sqlalchemy\orm\unitofwork.py", line 465, in execute
    rec.execute(self)
  File "C:\Users\SIPL Server\Downloads\DSS\FinalGrid\SukoonPMS\venv\Lib\site-packages\sqlalchemy\orm\unitofwork.py", line 641, in execute
    util.preloaded.orm_persistence.save_obj(
  File "C:\Users\SIPL Server\Downloads\DSS\FinalGrid\SukoonPMS\venv\Lib\site-packages\sqlalchemy\orm\persistence.py", line 69, in save_obj
    ) in _organize_states_for_save(base_mapper, states, uowtransaction):
         ^^^^^^^^^^^^^^^^^^^^^^^^^^^^^^^^^^^^^^^^^^^^^^^^^^^^^^^^^^^^^^
  File "C:\Users\SIPL Server\Downloads\DSS\FinalGrid\SukoonPMS\venv\Lib\site-packages\sqlalchemy\orm\persistence.py", line 235, in _organize_states_for_save
    mapper.dispatch.before_insert(mapper, connection, state)
  File "C:\Users\SIPL Server\Downloads\DSS\FinalGrid\SukoonPMS\venv\Lib\site-packages\sqlalchemy\event\attr.py", line 516, in __call__
    fn(*args, **kw)
  File "C:\Users\SIPL Server\Downloads\DSS\FinalGrid\SukoonPMS\venv\Lib\site-packages\sqlalchemy\orm\events.py", line 893, in wrap
    fn(*arg, **kw)
  File "C:\Users\SIPL Server\Downloads\DSS\FinalGrid\SukoonPMS\verification\evidence\20260930_cf10_completion\verify_cf10_cf11.py", line 280, in boom
    raise RuntimeError('injected F2: audit insert failed')
RuntimeError: injected F2: audit insert failed

The above exception was the direct cause of the following exception:

Traceback (most recent call last):
  File "C:\wt_c4edc7b\app\routes.py", line 8853, in cancel_reservation
    result = post_cancellation_disposition(
             ^^^^^^^^^^^^^^^^^^^^^^^^^^^^^^
  File "C:\wt_c4edc7b\app\services.py", line 1886, in post_cancellation_disposition
    audited_financial_write(
  File "C:\wt_c4edc7b\app\services.py", line 247, in audited_financial_write
    raise AuditCouplingError(
app.services.AuditCouplingError: audit row for Reservation 20 (forfeit_approved) could not be written: RuntimeError: injected F2: audit insert failed
2026-09-30 08:18:24 [ERROR] app.routes: cancel_reservation failed for res=21
Traceback (most recent call last):
  File "C:\wt_c4edc7b\app\services.py", line 245, in audited_financial_write
    _db.session.flush()
  File "C:\Users\SIPL Server\Downloads\DSS\FinalGrid\SukoonPMS\venv\Lib\site-packages\sqlalchemy\orm\scoping.py", line 924, in flush
    return self._proxied.flush(objects=objects)
           ^^^^^^^^^^^^^^^^^^^^^^^^^^^^^^^^^^^^
  File "C:\Users\SIPL Server\Downloads\DSS\FinalGrid\SukoonPMS\venv\Lib\site-packages\sqlalchemy\orm\session.py", line 4352, in flush
    self._flush(objects)
  File "C:\Users\SIPL Server\Downloads\DSS\FinalGrid\SukoonPMS\venv\Lib\site-packages\sqlalchemy\orm\session.py", line 4487, in _flush
    with util.safe_reraise():
         ^^^^^^^^^^^^^^^^^^^
  File "C:\Users\SIPL Server\Downloads\DSS\FinalGrid\SukoonPMS\venv\Lib\site-packages\sqlalchemy\util\langhelpers.py", line 122, in __exit__
    raise exc_value.with_traceback(exc_tb)
  File "C:\Users\SIPL Server\Downloads\DSS\FinalGrid\SukoonPMS\venv\Lib\site-packages\sqlalchemy\orm\session.py", line 4448, in _flush
    flush_context.execute()
  File "C:\Users\SIPL Server\Downloads\DSS\FinalGrid\SukoonPMS\venv\Lib\site-packages\sqlalchemy\orm\unitofwork.py", line 465, in execute
    rec.execute(self)
  File "C:\Users\SIPL Server\Downloads\DSS\FinalGrid\SukoonPMS\venv\Lib\site-packages\sqlalchemy\orm\unitofwork.py", line 641, in execute
    util.preloaded.orm_persistence.save_obj(
  File "C:\Users\SIPL Server\Downloads\DSS\FinalGrid\SukoonPMS\venv\Lib\site-packages\sqlalchemy\orm\persistence.py", line 69, in save_obj
    ) in _organize_states_for_save(base_mapper, states, uowtransaction):
         ^^^^^^^^^^^^^^^^^^^^^^^^^^^^^^^^^^^^^^^^^^^^^^^^^^^^^^^^^^^^^^
  File "C:\Users\SIPL Server\Downloads\DSS\FinalGrid\SukoonPMS\venv\Lib\site-packages\sqlalchemy\orm\persistence.py", line 235, in _organize_states_for_save
    mapper.dispatch.before_insert(mapper, connection, state)
  File "C:\Users\SIPL Server\Downloads\DSS\FinalGrid\SukoonPMS\venv\Lib\site-packages\sqlalchemy\event\attr.py", line 516, in __call__
    fn(*args, **kw)
  File "C:\Users\SIPL Server\Downloads\DSS\FinalGrid\SukoonPMS\venv\Lib\site-packages\sqlalchemy\orm\events.py", line 893, in wrap
    fn(*arg, **kw)
  File "C:\Users\SIPL Server\Downloads\DSS\FinalGrid\SukoonPMS\verification\evidence\20260930_cf10_completion\verify_cf10_cf11.py", line 280, in boom
    raise RuntimeError('injected F2: audit insert failed')
RuntimeError: injected F2: audit insert failed

The above exception was the direct cause of the following exception:

Traceback (most recent call last):
  File "C:\wt_c4edc7b\app\routes.py", line 8871, in cancel_reservation
    _write_audit_strict('Reservation', reservation.id, 'cancelled',
  File "C:\wt_c4edc7b\app\routes.py", line 362, in _write_audit_strict
    return audited_financial_write(entity_type, entity_id, action,
           ^^^^^^^^^^^^^^^^^^^^^^^^^^^^^^^^^^^^^^^^^^^^^^^^^^^^^^^
  File "C:\wt_c4edc7b\app\services.py", line 247, in audited_financial_write
    raise AuditCouplingError(
app.services.AuditCouplingError: audit row for Reservation 21 (cancelled) could not be written: RuntimeError: injected F2: audit insert failed
============================================================================================================================================
CF-10 / CF-11 HARDENING - GROUP w10
app root C:\wt_c4edc7b  commit c4edc7b23e83c4e0063a582c9fa80bb818cec7ea  app/ clean: True
production sha256 before: 51dd83b7f0fa42a3e85afb0f46c1a5f7cc6978436ff361250caef9ae92830bc2 (anchor)
============================================================================================================================================
copy=C:\Users\SIPL Server\Downloads\DSS\FinalGrid\SukoonPMS\verification\_work\cf10_w10.db  business date=2026-08-10  vacant=36  admin=2
W-10 refund via POST /reservation/<rid>/cancel (refund_full)
OK    W10-01       W-10    refund Payment posted                                      expect=1                      got=1                      HTTP 302
OK    W10-02       W-10    reservation cancelled                                      expect='Cancelled'            got='Cancelled'            
OK    W10-03       W-10    refund on billing folio A                                  expect=5                      got=5                      
OK    W10-04       W-10    strict audit cancellation_refund on the refund             expect=1                      got=1                      
OK    W10-05       W-10    audit carries refund amount                                expect=300.0                  got=300.0                  
OK    W10-06       W-10    audit actor is the operator                                expect=2                      got=2                      
OK    W10-07       W-10    reservation 'cancelled' audit persisted without a notifica expect=1                      got=1                      
OK    W10-08       W-10    'cancelled' audit carries the refund amount                expect=300.0                  got=300.0                  
W-10 forfeit disposition via the cancel route
OK    W10-09       W-10    forfeit: cancelled, forfeit audit persisted                expect=('Cancelled', 1, 300.0 got=('Cancelled', 1, 300.0 HTTP 302
W-10 credit_voucher disposition (voucher leg unchanged, still non-blocking)
OK    W10-10       W-10    credit_voucher: cancelled, voucher issued, disposition aud expect=('Cancelled', 1, 300.0 got=('Cancelled', 1, 300.0 HTTP 302
OK    W10-B-F1-refund_full-any W-10    refund_full, F1 on any audit: not cancelled, nothing poste expect=('Confirmed', [{'id':  got=('Confirmed', [{'id':  HTTP 302
OK    W10-B-F1-refund_full-cancellation_refund W-10    refund_full, F1 on cancellation_refund audit: not cancelle expect=('Confirmed', [{'id':  got=('Confirmed', [{'id':  HTTP 302
OK    W10-B-F1-refund_full-cancellation_disposition W-10    refund_full, F1 on cancellation_disposition audit: not can expect=('Confirmed', [{'id':  got=('Confirmed', [{'id':  HTTP 302
OK    W10-B-F1-refund_full-cancelled W-10    refund_full, F1 on cancelled audit: not cancelled, nothing expect=('Confirmed', [{'id':  got=('Confirmed', [{'id':  HTTP 302
OK    W10-B-F1-forfeit-any W-10    forfeit, F1 on any audit: not cancelled, nothing posted    expect=('Confirmed', [{'id':  got=('Confirmed', [{'id':  HTTP 302
OK    W10-B-F1-forfeit-forfeit_approved W-10    forfeit, F1 on forfeit_approved audit: not cancelled, noth expect=('Confirmed', [{'id':  got=('Confirmed', [{'id':  HTTP 302
OK    W10-B-F1-forfeit-cancelled W-10    forfeit, F1 on cancelled audit: not cancelled, nothing pos expect=('Confirmed', [{'id':  got=('Confirmed', [{'id':  HTTP 302
OK    W10-B-F2-refund_full-any W-10    refund_full, F2 on any audit: not cancelled, nothing poste expect=('Confirmed', [{'id':  got=('Confirmed', [{'id':  HTTP 302
OK    W10-B-F2-refund_full-cancellation_refund W-10    refund_full, F2 on cancellation_refund audit: not cancelle expect=('Confirmed', [{'id':  got=('Confirmed', [{'id':  HTTP 302
OK    W10-B-F2-refund_full-cancellation_disposition W-10    refund_full, F2 on cancellation_disposition audit: not can expect=('Confirmed', [{'id':  got=('Confirmed', [{'id':  HTTP 302
OK    W10-B-F2-refund_full-cancelled W-10    refund_full, F2 on cancelled audit: not cancelled, nothing expect=('Confirmed', [{'id':  got=('Confirmed', [{'id':  HTTP 302
OK    W10-B-F2-forfeit-any W-10    forfeit, F2 on any audit: not cancelled, nothing posted    expect=('Confirmed', [{'id':  got=('Confirmed', [{'id':  HTTP 302
OK    W10-B-F2-forfeit-forfeit_approved W-10    forfeit, F2 on forfeit_approved audit: not cancelled, noth expect=('Confirmed', [{'id':  got=('Confirmed', [{'id':  HTTP 302
OK    W10-B-F2-forfeit-cancelled W-10    forfeit, F2 on cancelled audit: not cancelled, nothing pos expect=('Confirmed', [{'id':  got=('Confirmed', [{'id':  HTTP 302
OK    P-01         prod    production database unchanged (sha256 == anchor)           expect='51dd83b7f0fa42a3e85af got='51dd83b7f0fa42a3e85af 
--------------------------------------------------------------------------------------------------------------------------------------------
GROUP w10: 25/25 gates passed -> PASS
2026-09-30 08:18:24 [INFO] apscheduler.scheduler: Scheduler has been shut down
2026-09-30 08:18:24 [WARNING] app: Running on SQLite — row-level locking (with_for_update) is not enforced. SQLite uses a database-wide write lock; concurrent writers will serialise. Move to PostgreSQL for true per-row locking and higher concurrency.
2026-09-30 08:18:24 [INFO] app: ------- SECURITY MODE -------
2026-09-30 08:18:24 [INFO] app:   env                : production
2026-09-30 08:18:24 [INFO] app:   secret_key         : set (>=32 chars)
2026-09-30 08:18:24 [INFO] app:   updater_signing    : ENFORCED
2026-09-30 08:18:24 [INFO] app:   encryption         : available
2026-09-30 08:18:24 [INFO] app:   lan_access         : disabled (127.0.0.1 only)
2026-09-30 08:18:24 [INFO] app:   schema_drift_mode  : warn-only
2026-09-30 08:18:24 [INFO] app: -----------------------------
2026-09-30 08:18:24 [INFO] app: db.create_all() skipped in production. Use Alembic migrations for schema changes. Set DB_AUTO_CREATE=1 to force-enable at next boot.
2026-09-30 08:18:24 [INFO] app: SQLite: ensured table credit_vouchers exists
2026-09-30 08:18:24 [INFO] app: SQLite: ensured table credit_voucher_redemptions exists
2026-09-30 08:18:25 [INFO] apscheduler.scheduler: Scheduler started
2026-09-30 08:18:25 [INFO] apscheduler.scheduler: Added job "setup_backup_scheduler.<locals>._scheduled_backup" to job store "default"
2026-09-30 08:18:25 [INFO] app.backup_manager: Daily backup scheduled at 03:00
2026-09-30 08:18:25 [INFO] apscheduler.scheduler: Added job "flush_notification_queue" to job store "default"
2026-09-30 08:18:25 [INFO] apscheduler.scheduler: Added job "create_app.<locals>._prune_old_logs" to job store "default"
2026-09-30 08:18:25 [INFO] apscheduler.scheduler: Added job "create_app.<locals>._run_predictive_maintenance" to job store "default"
2026-09-30 08:18:25 [ERROR] app.routes: cancel_reservation failed for res=8
Traceback (most recent call last):
  File "C:\wt_c4edc7b\app\services.py", line 1830, in post_cancellation_disposition
    issued_voucher = issue_credit_voucher(
                     ^^^^^^^^^^^^^^^^^^^^^
  File "C:\wt_c4edc7b\app\services.py", line 1958, in issue_credit_voucher
    audited_financial_write(
  File "C:\wt_c4edc7b\app\services.py", line 236, in audited_financial_write
    log = AuditLog(entity_type=entity_type,
          ^^^^^^^^^^^^^^^^^^^^^^^^^^^^^^^^^
  File "C:\Users\SIPL Server\Downloads\DSS\FinalGrid\SukoonPMS\verification\evidence\20260930_cf10_completion\verify_cf10_cf11.py", line 267, in boom
    raise RuntimeError('injected F1: audit row could not be constructed')
RuntimeError: injected F1: audit row could not be constructed

During handling of the above exception, another exception occurred:

Traceback (most recent call last):
  File "C:\wt_c4edc7b\app\routes.py", line 8853, in cancel_reservation
    result = post_cancellation_disposition(
             ^^^^^^^^^^^^^^^^^^^^^^^^^^^^^^
  File "C:\wt_c4edc7b\app\services.py", line 1847, in post_cancellation_disposition
    audited_financial_write(
  File "C:\wt_c4edc7b\app\services.py", line 236, in audited_financial_write
    log = AuditLog(entity_type=entity_type,
          ^^^^^^^^^^^^^^^^^^^^^^^^^^^^^^^^^
  File "C:\Users\SIPL Server\Downloads\DSS\FinalGrid\SukoonPMS\verification\evidence\20260930_cf10_completion\verify_cf10_cf11.py", line 267, in boom
    raise RuntimeError('injected F1: audit row could not be constructed')
RuntimeError: injected F1: audit row could not be constructed
2026-09-30 08:18:25 [ERROR] app.routes: cancel_reservation failed for res=9
Traceback (most recent call last):
  File "C:\wt_c4edc7b\app\services.py", line 245, in audited_financial_write
    _db.session.flush()
  File "C:\Users\SIPL Server\Downloads\DSS\FinalGrid\SukoonPMS\venv\Lib\site-packages\sqlalchemy\orm\scoping.py", line 924, in flush
    return self._proxied.flush(objects=objects)
           ^^^^^^^^^^^^^^^^^^^^^^^^^^^^^^^^^^^^
  File "C:\Users\SIPL Server\Downloads\DSS\FinalGrid\SukoonPMS\venv\Lib\site-packages\sqlalchemy\orm\session.py", line 4352, in flush
    self._flush(objects)
  File "C:\Users\SIPL Server\Downloads\DSS\FinalGrid\SukoonPMS\venv\Lib\site-packages\sqlalchemy\orm\session.py", line 4487, in _flush
    with util.safe_reraise():
         ^^^^^^^^^^^^^^^^^^^
  File "C:\Users\SIPL Server\Downloads\DSS\FinalGrid\SukoonPMS\venv\Lib\site-packages\sqlalchemy\util\langhelpers.py", line 122, in __exit__
    raise exc_value.with_traceback(exc_tb)
  File "C:\Users\SIPL Server\Downloads\DSS\FinalGrid\SukoonPMS\venv\Lib\site-packages\sqlalchemy\orm\session.py", line 4448, in _flush
    flush_context.execute()
  File "C:\Users\SIPL Server\Downloads\DSS\FinalGrid\SukoonPMS\venv\Lib\site-packages\sqlalchemy\orm\unitofwork.py", line 465, in execute
    rec.execute(self)
  File "C:\Users\SIPL Server\Downloads\DSS\FinalGrid\SukoonPMS\venv\Lib\site-packages\sqlalchemy\orm\unitofwork.py", line 641, in execute
    util.preloaded.orm_persistence.save_obj(
  File "C:\Users\SIPL Server\Downloads\DSS\FinalGrid\SukoonPMS\venv\Lib\site-packages\sqlalchemy\orm\persistence.py", line 69, in save_obj
    ) in _organize_states_for_save(base_mapper, states, uowtransaction):
         ^^^^^^^^^^^^^^^^^^^^^^^^^^^^^^^^^^^^^^^^^^^^^^^^^^^^^^^^^^^^^^
  File "C:\Users\SIPL Server\Downloads\DSS\FinalGrid\SukoonPMS\venv\Lib\site-packages\sqlalchemy\orm\persistence.py", line 235, in _organize_states_for_save
    mapper.dispatch.before_insert(mapper, connection, state)
  File "C:\Users\SIPL Server\Downloads\DSS\FinalGrid\SukoonPMS\venv\Lib\site-packages\sqlalchemy\event\attr.py", line 516, in __call__
    fn(*args, **kw)
  File "C:\Users\SIPL Server\Downloads\DSS\FinalGrid\SukoonPMS\venv\Lib\site-packages\sqlalchemy\orm\events.py", line 893, in wrap
    fn(*arg, **kw)
  File "C:\Users\SIPL Server\Downloads\DSS\FinalGrid\SukoonPMS\verification\evidence\20260930_cf10_completion\verify_cf10_cf11.py", line 280, in boom
    raise RuntimeError('injected F2: audit insert failed')
RuntimeError: injected F2: audit insert failed

The above exception was the direct cause of the following exception:

Traceback (most recent call last):
  File "C:\wt_c4edc7b\app\services.py", line 1830, in post_cancellation_disposition
    issued_voucher = issue_credit_voucher(
                     ^^^^^^^^^^^^^^^^^^^^^
  File "C:\wt_c4edc7b\app\services.py", line 1958, in issue_credit_voucher
    audited_financial_write(
  File "C:\wt_c4edc7b\app\services.py", line 247, in audited_financial_write
    raise AuditCouplingError(
app.services.AuditCouplingError: audit row for CreditVoucher 2 (voucher_created) could not be written: RuntimeError: injected F2: audit insert failed

During handling of the above exception, another exception occurred:

Traceback (most recent call last):
  File "C:\wt_c4edc7b\app\services.py", line 245, in audited_financial_write
    _db.session.flush()
  File "C:\Users\SIPL Server\Downloads\DSS\FinalGrid\SukoonPMS\venv\Lib\site-packages\sqlalchemy\orm\scoping.py", line 924, in flush
    return self._proxied.flush(objects=objects)
           ^^^^^^^^^^^^^^^^^^^^^^^^^^^^^^^^^^^^
  File "C:\Users\SIPL Server\Downloads\DSS\FinalGrid\SukoonPMS\venv\Lib\site-packages\sqlalchemy\orm\session.py", line 4352, in flush
    self._flush(objects)
  File "C:\Users\SIPL Server\Downloads\DSS\FinalGrid\SukoonPMS\venv\Lib\site-packages\sqlalchemy\orm\session.py", line 4487, in _flush
    with util.safe_reraise():
         ^^^^^^^^^^^^^^^^^^^
  File "C:\Users\SIPL Server\Downloads\DSS\FinalGrid\SukoonPMS\venv\Lib\site-packages\sqlalchemy\util\langhelpers.py", line 122, in __exit__
    raise exc_value.with_traceback(exc_tb)
  File "C:\Users\SIPL Server\Downloads\DSS\FinalGrid\SukoonPMS\venv\Lib\site-packages\sqlalchemy\orm\session.py", line 4448, in _flush
    flush_context.execute()
  File "C:\Users\SIPL Server\Downloads\DSS\FinalGrid\SukoonPMS\venv\Lib\site-packages\sqlalchemy\orm\unitofwork.py", line 465, in execute
    rec.execute(self)
  File "C:\Users\SIPL Server\Downloads\DSS\FinalGrid\SukoonPMS\venv\Lib\site-packages\sqlalchemy\orm\unitofwork.py", line 641, in execute
    util.preloaded.orm_persistence.save_obj(
  File "C:\Users\SIPL Server\Downloads\DSS\FinalGrid\SukoonPMS\venv\Lib\site-packages\sqlalchemy\orm\persistence.py", line 69, in save_obj
    ) in _organize_states_for_save(base_mapper, states, uowtransaction):
         ^^^^^^^^^^^^^^^^^^^^^^^^^^^^^^^^^^^^^^^^^^^^^^^^^^^^^^^^^^^^^^
  File "C:\Users\SIPL Server\Downloads\DSS\FinalGrid\SukoonPMS\venv\Lib\site-packages\sqlalchemy\orm\persistence.py", line 235, in _organize_states_for_save
    mapper.dispatch.before_insert(mapper, connection, state)
  File "C:\Users\SIPL Server\Downloads\DSS\FinalGrid\SukoonPMS\venv\Lib\site-packages\sqlalchemy\event\attr.py", line 516, in __call__
    fn(*args, **kw)
  File "C:\Users\SIPL Server\Downloads\DSS\FinalGrid\SukoonPMS\venv\Lib\site-packages\sqlalchemy\orm\events.py", line 893, in wrap
    fn(*arg, **kw)
  File "C:\Users\SIPL Server\Downloads\DSS\FinalGrid\SukoonPMS\verification\evidence\20260930_cf10_completion\verify_cf10_cf11.py", line 280, in boom
    raise RuntimeError('injected F2: audit insert failed')
RuntimeError: injected F2: audit insert failed

The above exception was the direct cause of the following exception:

Traceback (most recent call last):
  File "C:\wt_c4edc7b\app\routes.py", line 8853, in cancel_reservation
    result = post_cancellation_disposition(
             ^^^^^^^^^^^^^^^^^^^^^^^^^^^^^^
  File "C:\wt_c4edc7b\app\services.py", line 1847, in post_cancellation_disposition
    audited_financial_write(
  File "C:\wt_c4edc7b\app\services.py", line 247, in audited_financial_write
    raise AuditCouplingError(
app.services.AuditCouplingError: audit row for Reservation 9 (voucher_issue_failed) could not be written: RuntimeError: injected F2: audit insert failed
============================================================================================================================================
CF-10 / CF-11 HARDENING - GROUP voucher
app root C:\wt_c4edc7b  commit c4edc7b23e83c4e0063a582c9fa80bb818cec7ea  app/ clean: True
production sha256 before: 51dd83b7f0fa42a3e85afb0f46c1a5f7cc6978436ff361250caef9ae92830bc2 (anchor)
============================================================================================================================================
copy=C:\Users\SIPL Server\Downloads\DSS\FinalGrid\SukoonPMS\verification\_work\cf10_voucher.db  business date=2026-08-10  vacant=36  admin=2
VOUCHER success: credit_voucher cancellation
OK    V-01         W-10v   cancelled, one voucher issued for 300                      expect=('Cancelled', 1, 300.0 got=('Cancelled', 1, 300.0 HTTP 302
OK    V-02         W-10v   strict voucher_created audit on the voucher                expect=1                      got=1                      
OK    V-03         W-10v   voucher audit: amount, source reservation, actor           expect=(300.0, 5, 2)          got=(300.0, 5, 2)          
OK    V-04         W-10v   cancellation_disposition audit names the voucher row       expect=1                      got=1                      
VOUCHER audit failure: voucher rolled back, cancellation proceeds, failure recorded
OK    V-B-F1       W-10v   F1 on voucher_created: no voucher, cancelled, voucher_issu expect=([], 'Cancelled', 1, 3 got=([], 'Cancelled', 1, 3 HTTP 302
OK    V-B-F2       W-10v   F2 on voucher_created: no voucher, cancelled, voucher_issu expect=([], 'Cancelled', 1, 3 got=([], 'Cancelled', 1, 3 HTTP 302
VOUCHER: failure AND its record fail -> whole cancellation rolled back
OK    V-C-F1       W-10v   F1 on voucher_created + voucher_issue_failed: not cancelle expect=(('Confirmed', [{'id': got=(('Confirmed', [{'id': HTTP 302
OK    V-C-F2       W-10v   F2 on voucher_created + voucher_issue_failed: not cancelle expect=(('Confirmed', [{'id': got=(('Confirmed', [{'id': HTTP 302
OK    P-01         prod    production database unchanged (sha256 == anchor)           expect='51dd83b7f0fa42a3e85af got='51dd83b7f0fa42a3e85af 
--------------------------------------------------------------------------------------------------------------------------------------------
GROUP voucher: 9/9 gates passed -> PASS
2026-09-30 08:18:25 [INFO] apscheduler.scheduler: Scheduler has been shut down
2026-09-30 08:18:26 [WARNING] app: Running on SQLite — row-level locking (with_for_update) is not enforced. SQLite uses a database-wide write lock; concurrent writers will serialise. Move to PostgreSQL for true per-row locking and higher concurrency.
2026-09-30 08:18:26 [INFO] app: ------- SECURITY MODE -------
2026-09-30 08:18:26 [INFO] app:   env                : production
2026-09-30 08:18:26 [INFO] app:   secret_key         : set (>=32 chars)
2026-09-30 08:18:26 [INFO] app:   updater_signing    : ENFORCED
2026-09-30 08:18:26 [INFO] app:   encryption         : available
2026-09-30 08:18:26 [INFO] app:   lan_access         : disabled (127.0.0.1 only)
2026-09-30 08:18:26 [INFO] app:   schema_drift_mode  : warn-only
2026-09-30 08:18:26 [INFO] app: -----------------------------
2026-09-30 08:18:26 [INFO] app: db.create_all() skipped in production. Use Alembic migrations for schema changes. Set DB_AUTO_CREATE=1 to force-enable at next boot.
2026-09-30 08:18:26 [INFO] app: SQLite: ensured table credit_vouchers exists
2026-09-30 08:18:26 [INFO] app: SQLite: ensured table credit_voucher_redemptions exists
2026-09-30 08:18:26 [INFO] apscheduler.scheduler: Scheduler started
2026-09-30 08:18:26 [INFO] apscheduler.scheduler: Added job "setup_backup_scheduler.<locals>._scheduled_backup" to job store "default"
2026-09-30 08:18:26 [INFO] app.backup_manager: Daily backup scheduled at 03:00
2026-09-30 08:18:26 [INFO] apscheduler.scheduler: Added job "flush_notification_queue" to job store "default"
2026-09-30 08:18:26 [INFO] apscheduler.scheduler: Added job "create_app.<locals>._prune_old_logs" to job store "default"
2026-09-30 08:18:26 [INFO] apscheduler.scheduler: Added job "create_app.<locals>._run_predictive_maintenance" to job store "default"
============================================================================================================================================
CF-10 / CF-11 HARDENING - GROUP w12
app root C:\wt_c4edc7b  commit c4edc7b23e83c4e0063a582c9fa80bb818cec7ea  app/ clean: True
production sha256 before: 51dd83b7f0fa42a3e85afb0f46c1a5f7cc6978436ff361250caef9ae92830bc2 (anchor)
============================================================================================================================================
copy=C:\Users\SIPL Server\Downloads\DSS\FinalGrid\SukoonPMS\verification\_work\cf10_w12.db  business date=2026-08-10  vacant=36  admin=2
W-12 complete_full_checkin with a deposit
OK    W12-01       W-12    check-in completes                                         expect=(None, 'CheckedIn', 'O got=(None, 'CheckedIn', 'O 
OK    W12-02       W-12    one deposit Payment of 500 on folio A                      expect=[(500.0, 5)]           got=[(500.0, 5)]           
OK    W12-03       W-12    strict audit row on the deposit Payment                    expect=1                      got=1                      
OK    W12-04       W-12    deposit audit carries amount, folio, flow                  expect=(500.0, 5, 'checkin_de got=(500.0, 5, 'checkin_de 
OK    W12-05       W-12    deposit audit actor is the operator                        expect=2                      got=2                      
OK    W12-06       W-12    checkin_full audit on the reservation                      expect=(1, 500.0)             got=(1, 500.0)             
W-12 complete_full_checkin without a deposit
OK    W12-07       W-12    no-deposit check-in completes, no payment, audited         expect=(None, 'CheckedIn', 0, got=(None, 'CheckedIn', 0, 
OK    W12-B-F1-any W-12    deposit check-in, F1 fails on any audit: refused, nothing  expect=(True, {'status': 'Res got=(True, {'status': 'Res CheckInException: Full check-in failed: injected F1: audit row could not be constructed
OK    W12-B-F1-deposit W-12    deposit check-in, F1 fails on deposit audit: refused, noth expect=(True, {'status': 'Res got=(True, {'status': 'Res CheckInException: Full check-in failed: injected F1: audit row could not be constructed
OK    W12-B-F1-checkin_full W-12    deposit check-in, F1 fails on checkin_full audit: refused, expect=(True, {'status': 'Res got=(True, {'status': 'Res CheckInException: Full check-in failed: injected F1: audit row could not be constructed
OK    W12-B-F2-any W-12    deposit check-in, F2 fails on any audit: refused, nothing  expect=(True, {'status': 'Res got=(True, {'status': 'Res CheckInException: Full check-in failed: injected F2: audit insert failed
OK    W12-B-F2-deposit W-12    deposit check-in, F2 fails on deposit audit: refused, noth expect=(True, {'status': 'Res got=(True, {'status': 'Res CheckInException: Full check-in failed: audit row for Payment 8 (posted) could not be written: RuntimeError:
OK    W12-B-F2-checkin_full W-12    deposit check-in, F2 fails on checkin_full audit: refused, expect=(True, {'status': 'Res got=(True, {'status': 'Res CheckInException: Full check-in failed: injected F2: audit insert failed
OK    W12-D-negative W-12    negative deposit refused, nothing persisted                expect=(True, {'status': 'Res got=(True, {'status': 'Res CheckInException: Deposit amount cannot be negative.
OK    W12-D-inactive/unknown W-12    inactive/unknown mode refused, nothing persisted           expect=(True, {'status': 'Res got=(True, {'status': 'Res CheckInException: Invalid or inactive deposit payment mode selected.
OK    P-01         prod    production database unchanged (sha256 == anchor)           expect='51dd83b7f0fa42a3e85af got='51dd83b7f0fa42a3e85af 
--------------------------------------------------------------------------------------------------------------------------------------------
GROUP w12: 16/16 gates passed -> PASS
2026-09-30 08:18:26 [INFO] apscheduler.scheduler: Scheduler has been shut down
2026-09-30 08:18:27 [WARNING] app: Running on SQLite — row-level locking (with_for_update) is not enforced. SQLite uses a database-wide write lock; concurrent writers will serialise. Move to PostgreSQL for true per-row locking and higher concurrency.
2026-09-30 08:18:27 [INFO] app: ------- SECURITY MODE -------
2026-09-30 08:18:27 [INFO] app:   env                : production
2026-09-30 08:18:27 [INFO] app:   secret_key         : set (>=32 chars)
2026-09-30 08:18:27 [INFO] app:   updater_signing    : ENFORCED
2026-09-30 08:18:27 [INFO] app:   encryption         : available
2026-09-30 08:18:27 [INFO] app:   lan_access         : disabled (127.0.0.1 only)
2026-09-30 08:18:27 [INFO] app:   schema_drift_mode  : warn-only
2026-09-30 08:18:27 [INFO] app: -----------------------------
2026-09-30 08:18:27 [INFO] app: db.create_all() skipped in production. Use Alembic migrations for schema changes. Set DB_AUTO_CREATE=1 to force-enable at next boot.
2026-09-30 08:18:27 [INFO] app: SQLite: ensured table credit_vouchers exists
2026-09-30 08:18:27 [INFO] app: SQLite: ensured table credit_voucher_redemptions exists
2026-09-30 08:18:27 [INFO] apscheduler.scheduler: Scheduler started
2026-09-30 08:18:27 [INFO] apscheduler.scheduler: Added job "setup_backup_scheduler.<locals>._scheduled_backup" to job store "default"
2026-09-30 08:18:27 [INFO] app.backup_manager: Daily backup scheduled at 03:00
2026-09-30 08:18:27 [INFO] apscheduler.scheduler: Added job "flush_notification_queue" to job store "default"
2026-09-30 08:18:27 [INFO] apscheduler.scheduler: Added job "create_app.<locals>._prune_old_logs" to job store "default"
2026-09-30 08:18:27 [INFO] apscheduler.scheduler: Added job "create_app.<locals>._run_predictive_maintenance" to job store "default"
============================================================================================================================================
CF-10 / CF-11 HARDENING - GROUP w13
app root C:\wt_c4edc7b  commit c4edc7b23e83c4e0063a582c9fa80bb818cec7ea  app/ clean: True
production sha256 before: 51dd83b7f0fa42a3e85afb0f46c1a5f7cc6978436ff361250caef9ae92830bc2 (anchor)
============================================================================================================================================
copy=C:\Users\SIPL Server\Downloads\DSS\FinalGrid\SukoonPMS\verification\_work\cf10_w13.db  business date=2026-08-10  vacant=36  admin=2
W-13 post_charge, operator actor, checkout-style caller
OK    W13-01       W-13    charge + CICO log posted, rest of request committed        expect=(None, 1, 1, True)     got=(None, 1, 1, True)     
OK    W13-02       W-13    strict posted audit on the charge row                      expect=1                      got=1                      
OK    W13-03       W-13    charge audit: amount, folio, charge_type, flow             expect=(300.0, 5, 'late_check got=(300.0, 5, 'late_check 
OK    W13-04       W-13    charge audit actor is the operator                         expect=2                      got=2                      
OK    W13-05       W-13    reservation audit names the charge row                     expect=(1, 3, 2)              got=(1, 3, 2)              
OK    W13-06       W-13    CICO log links the charge row                              expect=3                      got=3                      
W-13 repeat: idempotent
OK    W13-C        W-13    second post for same type adds nothing                     expect=(None, 1)              got=(None, 1)              
W-13 missing actor inside an operator request
OK    W13-E1       W-13    user_id=None: posted, both audits attributed to the logged expect=(None, 1, 2, 2)        got=(None, 1, 2, 2)        
OK    W13-B-F1-any W-13    F1 on any audit: no charge/log; rest of request commits    expect={'charges': 0, 'cico_l got={'charges': 0, 'cico_l RuntimeError: injected F1: audit row could not be constructed
OK    W13-B-F1-charge W-13    F1 on charge audit: no charge/log; rest of request commits expect={'charges': 0, 'cico_l got={'charges': 0, 'cico_l RuntimeError: injected F1: audit row could not be constructed
OK    W13-B-F1-reservation W-13    F1 on reservation audit: no charge/log; rest of request co expect={'charges': 0, 'cico_l got={'charges': 0, 'cico_l RuntimeError: injected F1: audit row could not be constructed
OK    W13-B-F2-any W-13    F2 on any audit: no charge/log; rest of request commits    expect={'charges': 0, 'cico_l got={'charges': 0, 'cico_l AuditCouplingError: audit row for ExtraCharge 5 (posted) could not be written: RuntimeError: injecte
OK    W13-B-F2-charge W-13    F2 on charge audit: no charge/log; rest of request commits expect={'charges': 0, 'cico_l got={'charges': 0, 'cico_l AuditCouplingError: audit row for ExtraCharge 5 (posted) could not be written: RuntimeError: injecte
OK    W13-B-F2-reservation W-13    F2 on reservation audit: no charge/log; rest of request co expect={'charges': 0, 'cico_l got={'charges': 0, 'cico_l RuntimeError: injected F2: audit insert failed
OK    W13-D        W-13    zero amount: nothing posted                                expect=(None, 0)              got=(None, 0)              
OK    P-01         prod    production database unchanged (sha256 == anchor)           expect='51dd83b7f0fa42a3e85af got='51dd83b7f0fa42a3e85af 
--------------------------------------------------------------------------------------------------------------------------------------------
GROUP w13: 16/16 gates passed -> PASS
2026-09-30 08:18:27 [INFO] apscheduler.scheduler: Scheduler has been shut down
2026-09-30 08:18:28 [WARNING] app: Running on SQLite — row-level locking (with_for_update) is not enforced. SQLite uses a database-wide write lock; concurrent writers will serialise. Move to PostgreSQL for true per-row locking and higher concurrency.
2026-09-30 08:18:28 [INFO] app: ------- SECURITY MODE -------
2026-09-30 08:18:28 [INFO] app:   env                : production
2026-09-30 08:18:28 [INFO] app:   secret_key         : set (>=32 chars)
2026-09-30 08:18:28 [INFO] app:   updater_signing    : ENFORCED
2026-09-30 08:18:28 [INFO] app:   encryption         : available
2026-09-30 08:18:28 [INFO] app:   lan_access         : disabled (127.0.0.1 only)
2026-09-30 08:18:28 [INFO] app:   schema_drift_mode  : warn-only
2026-09-30 08:18:28 [INFO] app: -----------------------------
2026-09-30 08:18:28 [INFO] app: db.create_all() skipped in production. Use Alembic migrations for schema changes. Set DB_AUTO_CREATE=1 to force-enable at next boot.
2026-09-30 08:18:28 [INFO] app: SQLite: ensured table credit_vouchers exists
2026-09-30 08:18:28 [INFO] app: SQLite: ensured table credit_voucher_redemptions exists
2026-09-30 08:18:28 [INFO] apscheduler.scheduler: Scheduler started
2026-09-30 08:18:28 [INFO] apscheduler.scheduler: Added job "setup_backup_scheduler.<locals>._scheduled_backup" to job store "default"
2026-09-30 08:18:28 [INFO] app.backup_manager: Daily backup scheduled at 03:00
2026-09-30 08:18:28 [INFO] apscheduler.scheduler: Added job "flush_notification_queue" to job store "default"
2026-09-30 08:18:28 [INFO] apscheduler.scheduler: Added job "create_app.<locals>._prune_old_logs" to job store "default"
2026-09-30 08:18:28 [INFO] apscheduler.scheduler: Added job "create_app.<locals>._run_predictive_maintenance" to job store "default"
============================================================================================================================================
CF-10 / CF-11 HARDENING - GROUP w14
app root C:\wt_c4edc7b  commit c4edc7b23e83c4e0063a582c9fa80bb818cec7ea  app/ clean: True
production sha256 before: 51dd83b7f0fa42a3e85afb0f46c1a5f7cc6978436ff361250caef9ae92830bc2 (anchor)
============================================================================================================================================
copy=C:\Users\SIPL Server\Downloads\DSS\FinalGrid\SukoonPMS\verification\_work\cf10_w14.db  business date=2026-08-10  vacant=36  admin=2
W-14 manual no-show with a fee
OK    W14-01       W-14    no-show posted with one fee and one log                    expect=(True, 'NoShow', 1, 1) got=(True, 'NoShow', 1, 1) No-show posted successfully.
OK    W14-02       W-14    strict posted audit on the fee row                         expect=1                      got=1                      
OK    W14-03       W-14    fee audit: amount, folio, flow, business date              expect=(500.0, 5, 'noshow_fee got=(500.0, 5, 'noshow_fee 
OK    W14-04       W-14    fee audit actor is the operator                            expect=2                      got=2                      
OK    W14-05       W-14    noshow_posted audit names the fee row                      expect=(1, 3)                 got=(1, 3)                 
OK    W14-C        W-14    repeat: refused, still one fee                             expect=(False, 1)             got=(False, 1)             Cannot post no-show: status is NoShow.
OK    W14-B-F1-any W-14    F1 on any audit: not a no-show, no fee, no log             expect=(False, {'status': 'Re got=(False, {'status': 'Re Failed to post no-show: injected F1: audit row could not be constructed
OK    W14-B-F1-fee W-14    F1 on fee audit: not a no-show, no fee, no log             expect=(False, {'status': 'Re got=(False, {'status': 'Re Failed to post no-show: injected F1: audit row could not be constructed
OK    W14-B-F1-noshow_posted W-14    F1 on noshow_posted audit: not a no-show, no fee, no log   expect=(False, {'status': 'Re got=(False, {'status': 'Re Failed to post no-show: injected F1: audit row could not be constructed
OK    W14-B-F2-any W-14    F2 on any audit: not a no-show, no fee, no log             expect=(False, {'status': 'Re got=(False, {'status': 'Re Failed to post no-show: audit row for ExtraCharge 4 (posted) could not be written: Runtime
OK    W14-B-F2-fee W-14    F2 on fee audit: not a no-show, no fee, no log             expect=(False, {'status': 'Re got=(False, {'status': 'Re Failed to post no-show: audit row for ExtraCharge 4 (posted) could not be written: Runtime
OK    W14-B-F2-noshow_posted W-14    F2 on noshow_posted audit: not a no-show, no fee, no log   expect=(False, {'status': 'Re got=(False, {'status': 'Re Failed to post no-show: injected F2: audit insert failed
W-14 automated (night-audit style) call: no operator, no request
OK    W14-E1       W-14    automated: fee posted and strictly audited                 expect=(1, 1)                 got=(1, 1)                 
OK    W14-E2       W-14    automated: audit actor (system convention)                 expect=0                      got=0                      staff_user_id=0 with users.id=0 present: 0 - FK-enforcing engines reject this; system identity is an open founder decision (AR-013 / ADR-011)
OK    P-01         prod    production database unchanged (sha256 == anchor)           expect='51dd83b7f0fa42a3e85af got='51dd83b7f0fa42a3e85af 
--------------------------------------------------------------------------------------------------------------------------------------------
GROUP w14: 14/14 gates passed -> PASS
2026-09-30 08:18:29 [INFO] apscheduler.scheduler: Scheduler has been shut down
2026-09-30 08:18:29 [WARNING] app: Running on SQLite — row-level locking (with_for_update) is not enforced. SQLite uses a database-wide write lock; concurrent writers will serialise. Move to PostgreSQL for true per-row locking and higher concurrency.
2026-09-30 08:18:29 [INFO] app: ------- SECURITY MODE -------
2026-09-30 08:18:29 [INFO] app:   env                : production
2026-09-30 08:18:29 [INFO] app:   secret_key         : set (>=32 chars)
2026-09-30 08:18:29 [INFO] app:   updater_signing    : ENFORCED
2026-09-30 08:18:29 [INFO] app:   encryption         : available
2026-09-30 08:18:29 [INFO] app:   lan_access         : disabled (127.0.0.1 only)
2026-09-30 08:18:29 [INFO] app:   schema_drift_mode  : warn-only
2026-09-30 08:18:29 [INFO] app: -----------------------------
2026-09-30 08:18:30 [INFO] app: db.create_all() skipped in production. Use Alembic migrations for schema changes. Set DB_AUTO_CREATE=1 to force-enable at next boot.
2026-09-30 08:18:30 [INFO] app: SQLite: ensured table credit_vouchers exists
2026-09-30 08:18:30 [INFO] app: SQLite: ensured table credit_voucher_redemptions exists
2026-09-30 08:18:30 [INFO] apscheduler.scheduler: Scheduler started
2026-09-30 08:18:30 [INFO] apscheduler.scheduler: Added job "setup_backup_scheduler.<locals>._scheduled_backup" to job store "default"
2026-09-30 08:18:30 [INFO] app.backup_manager: Daily backup scheduled at 03:00
2026-09-30 08:18:30 [INFO] apscheduler.scheduler: Added job "flush_notification_queue" to job store "default"
2026-09-30 08:18:30 [INFO] apscheduler.scheduler: Added job "create_app.<locals>._prune_old_logs" to job store "default"
2026-09-30 08:18:30 [INFO] apscheduler.scheduler: Added job "create_app.<locals>._run_predictive_maintenance" to job store "default"
2026-09-30 08:18:30 [INFO] app.gst: GST rate=5.00% source=room_type_override room_type=Deluxe
2026-09-30 08:18:30 [INFO] app.gst: GST rate=5.00% source=room_type_override room_type=Deluxe
2026-09-30 08:18:30 [INFO] app.gst: GST rate=5.00% source=room_type_override room_type=Deluxe
2026-09-30 08:18:30 [INFO] app.gst: GST rate=5.00% source=room_type_override room_type=Deluxe
2026-09-30 08:18:30 [INFO] app.gst: GST rate=5.00% source=room_type_override room_type=Deluxe
2026-09-30 08:18:30 [INFO] app.gst: GST rate=5.00% source=room_type_override room_type=Deluxe
2026-09-30 08:18:30 [INFO] app.gst: GST rate=5.00% source=room_type_override room_type=Deluxe
2026-09-30 08:18:30 [INFO] app.gst: GST rate=5.00% source=room_type_override room_type=Deluxe
2026-09-30 08:18:30 [INFO] app.gst: GST rate=5.00% source=room_type_override room_type=Deluxe
2026-09-30 08:18:30 [INFO] app.nightly_rates: NIGHTLY_SYNC res=6 reason=upsell_conversion nights=2 created=2 skipped_locked=0 mode=standard override=False
2026-09-30 08:18:30 [INFO] app.gst: GST rate=5.00% source=room_type_override room_type=Deluxe
2026-09-30 08:18:30 [INFO] app.gst: GST rate=5.00% source=room_type_override room_type=Deluxe
2026-09-30 08:18:30 [INFO] app.gst: GST rate=5.00% source=room_type_override room_type=Deluxe
2026-09-30 08:18:30 [INFO] app.gst: GST rate=5.00% source=room_type_override room_type=Deluxe
2026-09-30 08:18:30 [INFO] app.gst: GST rate=5.00% source=room_type_override room_type=Deluxe
2026-09-30 08:18:30 [INFO] app: [CHECKOUT DEBUG] res=7  total_bill=4761.90  extra=0.00  disc=0.00  paid_before_checkout=5000.00  paying_now_form=0.00  final_paid=5000.00  final_outstanding=0.00  credit=0.00  override=False
2026-09-30 08:18:30 [INFO] app.gst: GST rate=5.00% source=room_type_override room_type=Deluxe
2026-09-30 08:18:30 [WARNING] app.notifications: Notification failed [whatsapp \u2192 6265222595] checkout_thanks: ULTRAMSG_INSTANCE or ULTRAMSG_TOKEN not configured
--- Logging error ---
Traceback (most recent call last):
  File "logging\__init__.py", line 1163, in emit
  File "encodings\cp1252.py", line 19, in encode
UnicodeEncodeError: 'charmap' codec can't encode character '\u2192' in position 79: character maps to <undefined>
Call stack:
  File "threading.py", line 1032, in _bootstrap
  File "threading.py", line 1075, in _bootstrap_inner
  File "threading.py", line 1012, in run
  File "C:\wt_c4edc7b\app\notifications.py", line 196, in _dispatch
    logger.warning('Notification failed [%s \u2192 %s] %s: %s', channel, to, msg_type, err)
  File "logging\__init__.py", line 1551, in warning
  File "logging\__init__.py", line 1684, in _log
  File "logging\__init__.py", line 1700, in handle
  File "logging\__init__.py", line 1762, in callHandlers
  File "logging\__init__.py", line 1028, in handle
  File "logging\handlers.py", line 75, in emit
  File "logging\__init__.py", line 1280, in emit
  File "logging\__init__.py", line 1168, in emit
Message: 'Notification failed [%s \u2192 %s] %s: %s'
Arguments: ('whatsapp', '6265222595', 'checkout_thanks', 'ULTRAMSG_INSTANCE or ULTRAMSG_TOKEN not configured')
2026-09-30 08:18:30 [INFO] app.notifications: Queued whatsapp notification to 6265222595 for retry
2026-09-30 08:18:30 [INFO] app.gst: GST rate=5.00% source=room_type_override room_type=Deluxe
2026-09-30 08:18:30 [INFO] app.gst: GST rate=5.00% source=room_type_override room_type=Deluxe
2026-09-30 08:18:30 [INFO] app.gst: GST rate=5.00% source=room_type_override room_type=Deluxe
2026-09-30 08:18:30 [ERROR] app.routes: Checkout failed: injected F1: audit row could not be constructed
Traceback (most recent call last):
  File "C:\wt_c4edc7b\app\routes.py", line 3530, in checkout
    _result = convert_overpayment_to_upsell(
              ^^^^^^^^^^^^^^^^^^^^^^^^^^^^^^
  File "C:\wt_c4edc7b\app\services.py", line 2902, in convert_overpayment_to_upsell
    audited_financial_write(
  File "C:\wt_c4edc7b\app\services.py", line 236, in audited_financial_write
    log = AuditLog(entity_type=entity_type,
          ^^^^^^^^^^^^^^^^^^^^^^^^^^^^^^^^^
  File "C:\Users\SIPL Server\Downloads\DSS\FinalGrid\SukoonPMS\verification\evidence\20260930_cf10_completion\verify_cf10_cf11.py", line 267, in boom
    raise RuntimeError('injected F1: audit row could not be constructed')
RuntimeError: injected F1: audit row could not be constructed
2026-09-30 08:18:30 [INFO] app.gst: GST rate=5.00% source=room_type_override room_type=Deluxe
2026-09-30 08:18:30 [INFO] app.gst: GST rate=5.00% source=room_type_override room_type=Deluxe
2026-09-30 08:18:30 [INFO] app.gst: GST rate=5.00% source=room_type_override room_type=Deluxe
2026-09-30 08:18:30 [INFO] app.gst: GST rate=5.00% source=room_type_override room_type=Deluxe
2026-09-30 08:18:30 [INFO] app.gst: GST rate=5.00% source=room_type_override room_type=Deluxe
2026-09-30 08:18:30 [INFO] app.gst: GST rate=5.00% source=room_type_override room_type=Deluxe
2026-09-30 08:18:30 [INFO] app.nightly_rates: NIGHTLY_SYNC res=9 reason=upsell_conversion nights=2 created=2 skipped_locked=0 mode=standard override=False
2026-09-30 08:18:30 [INFO] app.gst: GST rate=5.00% source=room_type_override room_type=Deluxe
2026-09-30 08:18:30 [INFO] app: [CHECKOUT DEBUG] res=9  total_bill=4761.90  extra=0.00  disc=0.00  paid_before_checkout=5000.00  paying_now_form=0.00  final_paid=5000.00  final_outstanding=0.00  credit=0.00  override=False
2026-09-30 08:18:30 [INFO] app.gst: GST rate=5.00% source=room_type_override room_type=Deluxe
2026-09-30 08:18:30 [WARNING] app.notifications: Notification failed [whatsapp \u2192 6265222595] checkout_thanks: ULTRAMSG_INSTANCE or ULTRAMSG_TOKEN not configured
--- Logging error ---
Traceback (most recent call last):
  File "logging\__init__.py", line 1163, in emit
  File "encodings\cp1252.py", line 19, in encode
UnicodeEncodeError: 'charmap' codec can't encode character '\u2192' in position 79: character maps to <undefined>
Call stack:
  File "threading.py", line 1032, in _bootstrap
  File "threading.py", line 1075, in _bootstrap_inner
  File "threading.py", line 1012, in run
  File "C:\wt_c4edc7b\app\notifications.py", line 196, in _dispatch
    logger.warning('Notification failed [%s \u2192 %s] %s: %s', channel, to, msg_type, err)
  File "logging\__init__.py", line 1551, in warning
  File "logging\__init__.py", line 1684, in _log
  File "logging\__init__.py", line 1700, in handle
  File "logging\__init__.py", line 1762, in callHandlers
  File "logging\__init__.py", line 1028, in handle
  File "logging\handlers.py", line 75, in emit
  File "logging\__init__.py", line 1280, in emit
  File "logging\__init__.py", line 1168, in emit
Message: 'Notification failed [%s \u2192 %s] %s: %s'
Arguments: ('whatsapp', '6265222595', 'checkout_thanks', 'ULTRAMSG_INSTANCE or ULTRAMSG_TOKEN not configured')
2026-09-30 08:18:30 [INFO] app.notifications: Queued whatsapp notification to 6265222595 for retry
2026-09-30 08:18:30 [INFO] app.gst: GST rate=5.00% source=room_type_override room_type=Deluxe
2026-09-30 08:18:30 [INFO] app.gst: GST rate=5.00% source=room_type_override room_type=Deluxe
2026-09-30 08:18:30 [INFO] app.gst: GST rate=5.00% source=room_type_override room_type=Deluxe
2026-09-30 08:18:30 [INFO] app.gst: GST rate=5.00% source=room_type_override room_type=Deluxe
2026-09-30 08:18:30 [INFO] app.gst: GST rate=5.00% source=room_type_override room_type=Deluxe
2026-09-30 08:18:30 [INFO] app.nightly_rates: NIGHTLY_SYNC res=10 reason=upsell_conversion nights=2 created=2 skipped_locked=0 mode=standard override=False
2026-09-30 08:18:30 [ERROR] app.routes: Checkout failed: injected F1: audit row could not be constructed
Traceback (most recent call last):
  File "C:\wt_c4edc7b\app\routes.py", line 3530, in checkout
    _result = convert_overpayment_to_upsell(
              ^^^^^^^^^^^^^^^^^^^^^^^^^^^^^^
  File "C:\wt_c4edc7b\app\services.py", line 2902, in convert_overpayment_to_upsell
    audited_financial_write(
  File "C:\wt_c4edc7b\app\services.py", line 236, in audited_financial_write
    log = AuditLog(entity_type=entity_type,
          ^^^^^^^^^^^^^^^^^^^^^^^^^^^^^^^^^
  File "C:\Users\SIPL Server\Downloads\DSS\FinalGrid\SukoonPMS\verification\evidence\20260930_cf10_completion\verify_cf10_cf11.py", line 267, in boom
    raise RuntimeError('injected F1: audit row could not be constructed')
RuntimeError: injected F1: audit row could not be constructed
2026-09-30 08:18:30 [INFO] app.gst: GST rate=5.00% source=room_type_override room_type=Deluxe
2026-09-30 08:18:30 [INFO] app.gst: GST rate=5.00% source=room_type_override room_type=Deluxe
2026-09-30 08:18:30 [INFO] app.gst: GST rate=5.00% source=room_type_override room_type=Deluxe
2026-09-30 08:18:30 [INFO] app.gst: GST rate=5.00% source=room_type_override room_type=Deluxe
2026-09-30 08:18:30 [ERROR] app.routes: admin_convert_overpay_to_upsell failed for res=11
Traceback (most recent call last):
  File "C:\wt_c4edc7b\app\routes.py", line 9058, in admin_convert_overpay_to_upsell
    result = convert_overpayment_to_upsell(
             ^^^^^^^^^^^^^^^^^^^^^^^^^^^^^^
  File "C:\wt_c4edc7b\app\services.py", line 2894, in convert_overpayment_to_upsell
    audited_financial_write(
  File "C:\wt_c4edc7b\app\services.py", line 236, in audited_financial_write
    log = AuditLog(entity_type=entity_type,
          ^^^^^^^^^^^^^^^^^^^^^^^^^^^^^^^^^
  File "C:\Users\SIPL Server\Downloads\DSS\FinalGrid\SukoonPMS\verification\evidence\20260930_cf10_completion\verify_cf10_cf11.py", line 267, in boom
    raise RuntimeError('injected F1: audit row could not be constructed')
RuntimeError: injected F1: audit row could not be constructed
2026-09-30 08:18:30 [INFO] app.gst: GST rate=5.00% source=room_type_override room_type=Deluxe
2026-09-30 08:18:30 [INFO] app.gst: GST rate=5.00% source=room_type_override room_type=Deluxe
2026-09-30 08:18:30 [INFO] app.gst: GST rate=5.00% source=room_type_override room_type=Deluxe
2026-09-30 08:18:30 [ERROR] app.routes: admin_convert_overpay_to_upsell failed for res=12
Traceback (most recent call last):
  File "C:\wt_c4edc7b\app\routes.py", line 9058, in admin_convert_overpay_to_upsell
    result = convert_overpayment_to_upsell(
             ^^^^^^^^^^^^^^^^^^^^^^^^^^^^^^
  File "C:\wt_c4edc7b\app\services.py", line 2902, in convert_overpayment_to_upsell
    audited_financial_write(
  File "C:\wt_c4edc7b\app\services.py", line 236, in audited_financial_write
    log = AuditLog(entity_type=entity_type,
          ^^^^^^^^^^^^^^^^^^^^^^^^^^^^^^^^^
  File "C:\Users\SIPL Server\Downloads\DSS\FinalGrid\SukoonPMS\verification\evidence\20260930_cf10_completion\verify_cf10_cf11.py", line 267, in boom
    raise RuntimeError('injected F1: audit row could not be constructed')
RuntimeError: injected F1: audit row could not be constructed
2026-09-30 08:18:30 [INFO] app.gst: GST rate=5.00% source=room_type_override room_type=Deluxe
2026-09-30 08:18:30 [INFO] app.gst: GST rate=5.00% source=room_type_override room_type=Deluxe
2026-09-30 08:18:30 [INFO] app.gst: GST rate=5.00% source=room_type_override room_type=Deluxe
2026-09-30 08:18:30 [ERROR] app.routes: admin_convert_overpay_to_upsell failed for res=13
Traceback (most recent call last):
  File "C:\wt_c4edc7b\app\routes.py", line 9058, in admin_convert_overpay_to_upsell
    result = convert_overpayment_to_upsell(
             ^^^^^^^^^^^^^^^^^^^^^^^^^^^^^^
  File "C:\wt_c4edc7b\app\services.py", line 2894, in convert_overpayment_to_upsell
    audited_financial_write(
  File "C:\wt_c4edc7b\app\services.py", line 236, in audited_financial_write
    log = AuditLog(entity_type=entity_type,
          ^^^^^^^^^^^^^^^^^^^^^^^^^^^^^^^^^
  File "C:\Users\SIPL Server\Downloads\DSS\FinalGrid\SukoonPMS\verification\evidence\20260930_cf10_completion\verify_cf10_cf11.py", line 267, in boom
    raise RuntimeError('injected F1: audit row could not be constructed')
RuntimeError: injected F1: audit row could not be constructed
2026-09-30 08:18:30 [INFO] app.gst: GST rate=5.00% source=room_type_override room_type=Deluxe
2026-09-30 08:18:30 [INFO] app.gst: GST rate=5.00% source=room_type_override room_type=Deluxe
2026-09-30 08:18:30 [INFO] app.gst: GST rate=5.00% source=room_type_override room_type=Deluxe
2026-09-30 08:18:30 [INFO] app.gst: GST rate=5.00% source=room_type_override room_type=Deluxe
2026-09-30 08:18:30 [ERROR] app.routes: admin_convert_overpay_to_upsell failed for res=14
Traceback (most recent call last):
  File "C:\wt_c4edc7b\app\routes.py", line 9078, in admin_convert_overpay_to_upsell
    _write_audit_strict(
  File "C:\wt_c4edc7b\app\routes.py", line 362, in _write_audit_strict
    return audited_financial_write(entity_type, entity_id, action,
           ^^^^^^^^^^^^^^^^^^^^^^^^^^^^^^^^^^^^^^^^^^^^^^^^^^^^^^^
  File "C:\wt_c4edc7b\app\services.py", line 236, in audited_financial_write
    log = AuditLog(entity_type=entity_type,
          ^^^^^^^^^^^^^^^^^^^^^^^^^^^^^^^^^
  File "C:\Users\SIPL Server\Downloads\DSS\FinalGrid\SukoonPMS\verification\evidence\20260930_cf10_completion\verify_cf10_cf11.py", line 267, in boom
    raise RuntimeError('injected F1: audit row could not be constructed')
RuntimeError: injected F1: audit row could not be constructed
2026-09-30 08:18:30 [INFO] app.gst: GST rate=5.00% source=room_type_override room_type=Deluxe
2026-09-30 08:18:30 [INFO] app.gst: GST rate=5.00% source=room_type_override room_type=Deluxe
2026-09-30 08:18:30 [INFO] app.gst: GST rate=5.00% source=room_type_override room_type=Deluxe
2026-09-30 08:18:30 [INFO] app.gst: GST rate=5.00% source=room_type_override room_type=Deluxe
2026-09-30 08:18:30 [INFO] app.gst: GST rate=5.00% source=room_type_override room_type=Deluxe
2026-09-30 08:18:30 [INFO] app.nightly_rates: NIGHTLY_SYNC res=15 reason=upsell_conversion nights=2 created=2 skipped_locked=0 mode=standard override=False
2026-09-30 08:18:30 [ERROR] app.routes: admin_convert_overpay_to_upsell failed for res=15
Traceback (most recent call last):
  File "C:\wt_c4edc7b\app\routes.py", line 9058, in admin_convert_overpay_to_upsell
    result = convert_overpayment_to_upsell(
             ^^^^^^^^^^^^^^^^^^^^^^^^^^^^^^
  File "C:\wt_c4edc7b\app\services.py", line 2902, in convert_overpayment_to_upsell
    audited_financial_write(
  File "C:\wt_c4edc7b\app\services.py", line 236, in audited_financial_write
    log = AuditLog(entity_type=entity_type,
          ^^^^^^^^^^^^^^^^^^^^^^^^^^^^^^^^^
  File "C:\Users\SIPL Server\Downloads\DSS\FinalGrid\SukoonPMS\verification\evidence\20260930_cf10_completion\verify_cf10_cf11.py", line 267, in boom
    raise RuntimeError('injected F1: audit row could not be constructed')
RuntimeError: injected F1: audit row could not be constructed
2026-09-30 08:18:30 [INFO] app.gst: GST rate=5.00% source=room_type_override room_type=Deluxe
2026-09-30 08:18:30 [INFO] app.gst: GST rate=5.00% source=room_type_override room_type=Deluxe
2026-09-30 08:18:30 [INFO] app.gst: GST rate=5.00% source=room_type_override room_type=Deluxe
2026-09-30 08:18:30 [INFO] app.gst: GST rate=5.00% source=room_type_override room_type=Deluxe
2026-09-30 08:18:30 [INFO] app.gst: GST rate=5.00% source=room_type_override room_type=Deluxe
2026-09-30 08:18:30 [INFO] app.nightly_rates: NIGHTLY_SYNC res=16 reason=upsell_conversion nights=2 created=2 skipped_locked=0 mode=standard override=False
2026-09-30 08:18:30 [ERROR] app.routes: admin_convert_overpay_to_upsell failed for res=16
Traceback (most recent call last):
  File "C:\wt_c4edc7b\app\routes.py", line 9058, in admin_convert_overpay_to_upsell
    result = convert_overpayment_to_upsell(
             ^^^^^^^^^^^^^^^^^^^^^^^^^^^^^^
  File "C:\wt_c4edc7b\app\services.py", line 2902, in convert_overpayment_to_upsell
    audited_financial_write(
  File "C:\wt_c4edc7b\app\services.py", line 236, in audited_financial_write
    log = AuditLog(entity_type=entity_type,
          ^^^^^^^^^^^^^^^^^^^^^^^^^^^^^^^^^
  File "C:\Users\SIPL Server\Downloads\DSS\FinalGrid\SukoonPMS\verification\evidence\20260930_cf10_completion\verify_cf10_cf11.py", line 267, in boom
    raise RuntimeError('injected F1: audit row could not be constructed')
RuntimeError: injected F1: audit row could not be constructed
2026-09-30 08:18:30 [INFO] app.gst: GST rate=5.00% source=room_type_override room_type=Deluxe
2026-09-30 08:18:30 [INFO] app.gst: GST rate=5.00% source=room_type_override room_type=Deluxe
2026-09-30 08:18:30 [INFO] app.gst: GST rate=5.00% source=room_type_override room_type=Deluxe
2026-09-30 08:18:30 [INFO] app.gst: GST rate=5.00% source=room_type_override room_type=Deluxe
2026-09-30 08:18:30 [INFO] app.gst: GST rate=5.00% source=room_type_override room_type=Deluxe
2026-09-30 08:18:30 [INFO] app.nightly_rates: NIGHTLY_SYNC res=17 reason=upsell_conversion nights=2 created=2 skipped_locked=0 mode=standard override=False
2026-09-30 08:18:30 [INFO] app.gst: GST rate=5.00% source=room_type_override room_type=Deluxe
2026-09-30 08:18:30 [ERROR] app.routes: admin_convert_overpay_to_upsell failed for res=17
Traceback (most recent call last):
  File "C:\wt_c4edc7b\app\routes.py", line 9078, in admin_convert_overpay_to_upsell
    _write_audit_strict(
  File "C:\wt_c4edc7b\app\routes.py", line 362, in _write_audit_strict
    return audited_financial_write(entity_type, entity_id, action,
           ^^^^^^^^^^^^^^^^^^^^^^^^^^^^^^^^^^^^^^^^^^^^^^^^^^^^^^^
  File "C:\wt_c4edc7b\app\services.py", line 236, in audited_financial_write
    log = AuditLog(entity_type=entity_type,
          ^^^^^^^^^^^^^^^^^^^^^^^^^^^^^^^^^
  File "C:\Users\SIPL Server\Downloads\DSS\FinalGrid\SukoonPMS\verification\evidence\20260930_cf10_completion\verify_cf10_cf11.py", line 267, in boom
    raise RuntimeError('injected F1: audit row could not be constructed')
RuntimeError: injected F1: audit row could not be constructed
2026-09-30 08:18:30 [INFO] app.gst: GST rate=5.00% source=room_type_override room_type=Deluxe
2026-09-30 08:18:30 [INFO] app.gst: GST rate=5.00% source=room_type_override room_type=Deluxe
2026-09-30 08:18:30 [INFO] app.gst: GST rate=5.00% source=room_type_override room_type=Deluxe
2026-09-30 08:18:30 [ERROR] app.routes: admin_convert_overpay_to_upsell failed for res=18
Traceback (most recent call last):
  File "C:\wt_c4edc7b\app\services.py", line 245, in audited_financial_write
    _db.session.flush()
  File "C:\Users\SIPL Server\Downloads\DSS\FinalGrid\SukoonPMS\venv\Lib\site-packages\sqlalchemy\orm\scoping.py", line 924, in flush
    return self._proxied.flush(objects=objects)
           ^^^^^^^^^^^^^^^^^^^^^^^^^^^^^^^^^^^^
  File "C:\Users\SIPL Server\Downloads\DSS\FinalGrid\SukoonPMS\venv\Lib\site-packages\sqlalchemy\orm\session.py", line 4352, in flush
    self._flush(objects)
  File "C:\Users\SIPL Server\Downloads\DSS\FinalGrid\SukoonPMS\venv\Lib\site-packages\sqlalchemy\orm\session.py", line 4487, in _flush
    with util.safe_reraise():
         ^^^^^^^^^^^^^^^^^^^
  File "C:\Users\SIPL Server\Downloads\DSS\FinalGrid\SukoonPMS\venv\Lib\site-packages\sqlalchemy\util\langhelpers.py", line 122, in __exit__
    raise exc_value.with_traceback(exc_tb)
  File "C:\Users\SIPL Server\Downloads\DSS\FinalGrid\SukoonPMS\venv\Lib\site-packages\sqlalchemy\orm\session.py", line 4448, in _flush
    flush_context.execute()
  File "C:\Users\SIPL Server\Downloads\DSS\FinalGrid\SukoonPMS\venv\Lib\site-packages\sqlalchemy\orm\unitofwork.py", line 465, in execute
    rec.execute(self)
  File "C:\Users\SIPL Server\Downloads\DSS\FinalGrid\SukoonPMS\venv\Lib\site-packages\sqlalchemy\orm\unitofwork.py", line 641, in execute
    util.preloaded.orm_persistence.save_obj(
  File "C:\Users\SIPL Server\Downloads\DSS\FinalGrid\SukoonPMS\venv\Lib\site-packages\sqlalchemy\orm\persistence.py", line 69, in save_obj
    ) in _organize_states_for_save(base_mapper, states, uowtransaction):
         ^^^^^^^^^^^^^^^^^^^^^^^^^^^^^^^^^^^^^^^^^^^^^^^^^^^^^^^^^^^^^^
  File "C:\Users\SIPL Server\Downloads\DSS\FinalGrid\SukoonPMS\venv\Lib\site-packages\sqlalchemy\orm\persistence.py", line 235, in _organize_states_for_save
    mapper.dispatch.before_insert(mapper, connection, state)
  File "C:\Users\SIPL Server\Downloads\DSS\FinalGrid\SukoonPMS\venv\Lib\site-packages\sqlalchemy\event\attr.py", line 516, in __call__
    fn(*args, **kw)
  File "C:\Users\SIPL Server\Downloads\DSS\FinalGrid\SukoonPMS\venv\Lib\site-packages\sqlalchemy\orm\events.py", line 893, in wrap
    fn(*arg, **kw)
  File "C:\Users\SIPL Server\Downloads\DSS\FinalGrid\SukoonPMS\verification\evidence\20260930_cf10_completion\verify_cf10_cf11.py", line 280, in boom
    raise RuntimeError('injected F2: audit insert failed')
RuntimeError: injected F2: audit insert failed

The above exception was the direct cause of the following exception:

Traceback (most recent call last):
  File "C:\wt_c4edc7b\app\routes.py", line 9058, in admin_convert_overpay_to_upsell
    result = convert_overpayment_to_upsell(
             ^^^^^^^^^^^^^^^^^^^^^^^^^^^^^^
  File "C:\wt_c4edc7b\app\services.py", line 2894, in convert_overpayment_to_upsell
    audited_financial_write(
  File "C:\wt_c4edc7b\app\services.py", line 247, in audited_financial_write
    raise AuditCouplingError(
app.services.AuditCouplingError: audit row for ExtraCharge 13 (posted) could not be written: RuntimeError: injected F2: audit insert failed
2026-09-30 08:18:30 [INFO] app.gst: GST rate=5.00% source=room_type_override room_type=Deluxe
2026-09-30 08:18:30 [INFO] app.gst: GST rate=5.00% source=room_type_override room_type=Deluxe
2026-09-30 08:18:30 [INFO] app.gst: GST rate=5.00% source=room_type_override room_type=Deluxe
2026-09-30 08:18:30 [ERROR] app.routes: admin_convert_overpay_to_upsell failed for res=19
Traceback (most recent call last):
  File "C:\wt_c4edc7b\app\services.py", line 245, in audited_financial_write
    _db.session.flush()
  File "C:\Users\SIPL Server\Downloads\DSS\FinalGrid\SukoonPMS\venv\Lib\site-packages\sqlalchemy\orm\scoping.py", line 924, in flush
    return self._proxied.flush(objects=objects)
           ^^^^^^^^^^^^^^^^^^^^^^^^^^^^^^^^^^^^
  File "C:\Users\SIPL Server\Downloads\DSS\FinalGrid\SukoonPMS\venv\Lib\site-packages\sqlalchemy\orm\session.py", line 4352, in flush
    self._flush(objects)
  File "C:\Users\SIPL Server\Downloads\DSS\FinalGrid\SukoonPMS\venv\Lib\site-packages\sqlalchemy\orm\session.py", line 4487, in _flush
    with util.safe_reraise():
         ^^^^^^^^^^^^^^^^^^^
  File "C:\Users\SIPL Server\Downloads\DSS\FinalGrid\SukoonPMS\venv\Lib\site-packages\sqlalchemy\util\langhelpers.py", line 122, in __exit__
    raise exc_value.with_traceback(exc_tb)
  File "C:\Users\SIPL Server\Downloads\DSS\FinalGrid\SukoonPMS\venv\Lib\site-packages\sqlalchemy\orm\session.py", line 4448, in _flush
    flush_context.execute()
  File "C:\Users\SIPL Server\Downloads\DSS\FinalGrid\SukoonPMS\venv\Lib\site-packages\sqlalchemy\orm\unitofwork.py", line 465, in execute
    rec.execute(self)
  File "C:\Users\SIPL Server\Downloads\DSS\FinalGrid\SukoonPMS\venv\Lib\site-packages\sqlalchemy\orm\unitofwork.py", line 641, in execute
    util.preloaded.orm_persistence.save_obj(
  File "C:\Users\SIPL Server\Downloads\DSS\FinalGrid\SukoonPMS\venv\Lib\site-packages\sqlalchemy\orm\persistence.py", line 69, in save_obj
    ) in _organize_states_for_save(base_mapper, states, uowtransaction):
         ^^^^^^^^^^^^^^^^^^^^^^^^^^^^^^^^^^^^^^^^^^^^^^^^^^^^^^^^^^^^^^
  File "C:\Users\SIPL Server\Downloads\DSS\FinalGrid\SukoonPMS\venv\Lib\site-packages\sqlalchemy\orm\persistence.py", line 235, in _organize_states_for_save
    mapper.dispatch.before_insert(mapper, connection, state)
  File "C:\Users\SIPL Server\Downloads\DSS\FinalGrid\SukoonPMS\venv\Lib\site-packages\sqlalchemy\event\attr.py", line 516, in __call__
    fn(*args, **kw)
  File "C:\Users\SIPL Server\Downloads\DSS\FinalGrid\SukoonPMS\venv\Lib\site-packages\sqlalchemy\orm\events.py", line 893, in wrap
    fn(*arg, **kw)
  File "C:\Users\SIPL Server\Downloads\DSS\FinalGrid\SukoonPMS\verification\evidence\20260930_cf10_completion\verify_cf10_cf11.py", line 280, in boom
    raise RuntimeError('injected F2: audit insert failed')
RuntimeError: injected F2: audit insert failed

The above exception was the direct cause of the following exception:

Traceback (most recent call last):
  File "C:\wt_c4edc7b\app\routes.py", line 9058, in admin_convert_overpay_to_upsell
    result = convert_overpayment_to_upsell(
             ^^^^^^^^^^^^^^^^^^^^^^^^^^^^^^
  File "C:\wt_c4edc7b\app\services.py", line 2902, in convert_overpayment_to_upsell
    audited_financial_write(
  File "C:\wt_c4edc7b\app\services.py", line 247, in audited_financial_write
    raise AuditCouplingError(
app.services.AuditCouplingError: audit row for Reservation 19 (overpayment_converted_to_upsell) could not be written: RuntimeError: injected F2: audit insert failed
2026-09-30 08:18:30 [INFO] app.gst: GST rate=5.00% source=room_type_override room_type=Deluxe
2026-09-30 08:18:30 [INFO] app.gst: GST rate=5.00% source=room_type_override room_type=Deluxe
2026-09-30 08:18:30 [INFO] app.gst: GST rate=5.00% source=room_type_override room_type=Deluxe
2026-09-30 08:18:30 [ERROR] app.routes: admin_convert_overpay_to_upsell failed for res=20
Traceback (most recent call last):
  File "C:\wt_c4edc7b\app\services.py", line 245, in audited_financial_write
    _db.session.flush()
  File "C:\Users\SIPL Server\Downloads\DSS\FinalGrid\SukoonPMS\venv\Lib\site-packages\sqlalchemy\orm\scoping.py", line 924, in flush
    return self._proxied.flush(objects=objects)
           ^^^^^^^^^^^^^^^^^^^^^^^^^^^^^^^^^^^^
  File "C:\Users\SIPL Server\Downloads\DSS\FinalGrid\SukoonPMS\venv\Lib\site-packages\sqlalchemy\orm\session.py", line 4352, in flush
    self._flush(objects)
  File "C:\Users\SIPL Server\Downloads\DSS\FinalGrid\SukoonPMS\venv\Lib\site-packages\sqlalchemy\orm\session.py", line 4487, in _flush
    with util.safe_reraise():
         ^^^^^^^^^^^^^^^^^^^
  File "C:\Users\SIPL Server\Downloads\DSS\FinalGrid\SukoonPMS\venv\Lib\site-packages\sqlalchemy\util\langhelpers.py", line 122, in __exit__
    raise exc_value.with_traceback(exc_tb)
  File "C:\Users\SIPL Server\Downloads\DSS\FinalGrid\SukoonPMS\venv\Lib\site-packages\sqlalchemy\orm\session.py", line 4448, in _flush
    flush_context.execute()
  File "C:\Users\SIPL Server\Downloads\DSS\FinalGrid\SukoonPMS\venv\Lib\site-packages\sqlalchemy\orm\unitofwork.py", line 465, in execute
    rec.execute(self)
  File "C:\Users\SIPL Server\Downloads\DSS\FinalGrid\SukoonPMS\venv\Lib\site-packages\sqlalchemy\orm\unitofwork.py", line 641, in execute
    util.preloaded.orm_persistence.save_obj(
  File "C:\Users\SIPL Server\Downloads\DSS\FinalGrid\SukoonPMS\venv\Lib\site-packages\sqlalchemy\orm\persistence.py", line 69, in save_obj
    ) in _organize_states_for_save(base_mapper, states, uowtransaction):
         ^^^^^^^^^^^^^^^^^^^^^^^^^^^^^^^^^^^^^^^^^^^^^^^^^^^^^^^^^^^^^^
  File "C:\Users\SIPL Server\Downloads\DSS\FinalGrid\SukoonPMS\venv\Lib\site-packages\sqlalchemy\orm\persistence.py", line 235, in _organize_states_for_save
    mapper.dispatch.before_insert(mapper, connection, state)
  File "C:\Users\SIPL Server\Downloads\DSS\FinalGrid\SukoonPMS\venv\Lib\site-packages\sqlalchemy\event\attr.py", line 516, in __call__
    fn(*args, **kw)
  File "C:\Users\SIPL Server\Downloads\DSS\FinalGrid\SukoonPMS\venv\Lib\site-packages\sqlalchemy\orm\events.py", line 893, in wrap
    fn(*arg, **kw)
  File "C:\Users\SIPL Server\Downloads\DSS\FinalGrid\SukoonPMS\verification\evidence\20260930_cf10_completion\verify_cf10_cf11.py", line 280, in boom
    raise RuntimeError('injected F2: audit insert failed')
RuntimeError: injected F2: audit insert failed

The above exception was the direct cause of the following exception:

Traceback (most recent call last):
  File "C:\wt_c4edc7b\app\routes.py", line 9058, in admin_convert_overpay_to_upsell
    result = convert_overpayment_to_upsell(
             ^^^^^^^^^^^^^^^^^^^^^^^^^^^^^^
  File "C:\wt_c4edc7b\app\services.py", line 2894, in convert_overpayment_to_upsell
    audited_financial_write(
  File "C:\wt_c4edc7b\app\services.py", line 247, in audited_financial_write
    raise AuditCouplingError(
app.services.AuditCouplingError: audit row for ExtraCharge 15 (posted) could not be written: RuntimeError: injected F2: audit insert failed
2026-09-30 08:18:30 [INFO] app.gst: GST rate=5.00% source=room_type_override room_type=Deluxe
2026-09-30 08:18:30 [INFO] app.gst: GST rate=5.00% source=room_type_override room_type=Deluxe
2026-09-30 08:18:30 [INFO] app.gst: GST rate=5.00% source=room_type_override room_type=Deluxe
2026-09-30 08:18:30 [INFO] app.gst: GST rate=5.00% source=room_type_override room_type=Deluxe
2026-09-30 08:18:30 [ERROR] app.routes: admin_convert_overpay_to_upsell failed for res=21
Traceback (most recent call last):
  File "C:\wt_c4edc7b\app\services.py", line 245, in audited_financial_write
    _db.session.flush()
  File "C:\Users\SIPL Server\Downloads\DSS\FinalGrid\SukoonPMS\venv\Lib\site-packages\sqlalchemy\orm\scoping.py", line 924, in flush
    return self._proxied.flush(objects=objects)
           ^^^^^^^^^^^^^^^^^^^^^^^^^^^^^^^^^^^^
  File "C:\Users\SIPL Server\Downloads\DSS\FinalGrid\SukoonPMS\venv\Lib\site-packages\sqlalchemy\orm\session.py", line 4352, in flush
    self._flush(objects)
  File "C:\Users\SIPL Server\Downloads\DSS\FinalGrid\SukoonPMS\venv\Lib\site-packages\sqlalchemy\orm\session.py", line 4487, in _flush
    with util.safe_reraise():
         ^^^^^^^^^^^^^^^^^^^
  File "C:\Users\SIPL Server\Downloads\DSS\FinalGrid\SukoonPMS\venv\Lib\site-packages\sqlalchemy\util\langhelpers.py", line 122, in __exit__
    raise exc_value.with_traceback(exc_tb)
  File "C:\Users\SIPL Server\Downloads\DSS\FinalGrid\SukoonPMS\venv\Lib\site-packages\sqlalchemy\orm\session.py", line 4448, in _flush
    flush_context.execute()
  File "C:\Users\SIPL Server\Downloads\DSS\FinalGrid\SukoonPMS\venv\Lib\site-packages\sqlalchemy\orm\unitofwork.py", line 465, in execute
    rec.execute(self)
  File "C:\Users\SIPL Server\Downloads\DSS\FinalGrid\SukoonPMS\venv\Lib\site-packages\sqlalchemy\orm\unitofwork.py", line 641, in execute
    util.preloaded.orm_persistence.save_obj(
  File "C:\Users\SIPL Server\Downloads\DSS\FinalGrid\SukoonPMS\venv\Lib\site-packages\sqlalchemy\orm\persistence.py", line 69, in save_obj
    ) in _organize_states_for_save(base_mapper, states, uowtransaction):
         ^^^^^^^^^^^^^^^^^^^^^^^^^^^^^^^^^^^^^^^^^^^^^^^^^^^^^^^^^^^^^^
  File "C:\Users\SIPL Server\Downloads\DSS\FinalGrid\SukoonPMS\venv\Lib\site-packages\sqlalchemy\orm\persistence.py", line 235, in _organize_states_for_save
    mapper.dispatch.before_insert(mapper, connection, state)
  File "C:\Users\SIPL Server\Downloads\DSS\FinalGrid\SukoonPMS\venv\Lib\site-packages\sqlalchemy\event\attr.py", line 516, in __call__
    fn(*args, **kw)
  File "C:\Users\SIPL Server\Downloads\DSS\FinalGrid\SukoonPMS\venv\Lib\site-packages\sqlalchemy\orm\events.py", line 893, in wrap
    fn(*arg, **kw)
  File "C:\Users\SIPL Server\Downloads\DSS\FinalGrid\SukoonPMS\verification\evidence\20260930_cf10_completion\verify_cf10_cf11.py", line 280, in boom
    raise RuntimeError('injected F2: audit insert failed')
RuntimeError: injected F2: audit insert failed

The above exception was the direct cause of the following exception:

Traceback (most recent call last):
  File "C:\wt_c4edc7b\app\routes.py", line 9078, in admin_convert_overpay_to_upsell
    _write_audit_strict(
  File "C:\wt_c4edc7b\app\routes.py", line 362, in _write_audit_strict
    return audited_financial_write(entity_type, entity_id, action,
           ^^^^^^^^^^^^^^^^^^^^^^^^^^^^^^^^^^^^^^^^^^^^^^^^^^^^^^^
  File "C:\wt_c4edc7b\app\services.py", line 247, in audited_financial_write
    raise AuditCouplingError(
app.services.AuditCouplingError: audit row for Reservation 21 (admin_convert_overpay_to_upsell) could not be written: RuntimeError: injected F2: audit insert failed
2026-09-30 08:18:30 [INFO] app.gst: GST rate=5.00% source=room_type_override room_type=Deluxe
2026-09-30 08:18:30 [INFO] app.gst: GST rate=5.00% source=room_type_override room_type=Deluxe
2026-09-30 08:18:30 [INFO] app.gst: GST rate=5.00% source=room_type_override room_type=Deluxe
2026-09-30 08:18:30 [INFO] app.gst: GST rate=5.00% source=room_type_override room_type=Deluxe
2026-09-30 08:18:30 [INFO] app.gst: GST rate=5.00% source=room_type_override room_type=Deluxe
2026-09-30 08:18:30 [INFO] app.nightly_rates: NIGHTLY_SYNC res=22 reason=upsell_conversion nights=2 created=2 skipped_locked=0 mode=standard override=False
2026-09-30 08:18:30 [ERROR] app.routes: admin_convert_overpay_to_upsell failed for res=22
Traceback (most recent call last):
  File "C:\wt_c4edc7b\app\services.py", line 245, in audited_financial_write
    _db.session.flush()
  File "C:\Users\SIPL Server\Downloads\DSS\FinalGrid\SukoonPMS\venv\Lib\site-packages\sqlalchemy\orm\scoping.py", line 924, in flush
    return self._proxied.flush(objects=objects)
           ^^^^^^^^^^^^^^^^^^^^^^^^^^^^^^^^^^^^
  File "C:\Users\SIPL Server\Downloads\DSS\FinalGrid\SukoonPMS\venv\Lib\site-packages\sqlalchemy\orm\session.py", line 4352, in flush
    self._flush(objects)
  File "C:\Users\SIPL Server\Downloads\DSS\FinalGrid\SukoonPMS\venv\Lib\site-packages\sqlalchemy\orm\session.py", line 4487, in _flush
    with util.safe_reraise():
         ^^^^^^^^^^^^^^^^^^^
  File "C:\Users\SIPL Server\Downloads\DSS\FinalGrid\SukoonPMS\venv\Lib\site-packages\sqlalchemy\util\langhelpers.py", line 122, in __exit__
    raise exc_value.with_traceback(exc_tb)
  File "C:\Users\SIPL Server\Downloads\DSS\FinalGrid\SukoonPMS\venv\Lib\site-packages\sqlalchemy\orm\session.py", line 4448, in _flush
    flush_context.execute()
  File "C:\Users\SIPL Server\Downloads\DSS\FinalGrid\SukoonPMS\venv\Lib\site-packages\sqlalchemy\orm\unitofwork.py", line 465, in execute
    rec.execute(self)
  File "C:\Users\SIPL Server\Downloads\DSS\FinalGrid\SukoonPMS\venv\Lib\site-packages\sqlalchemy\orm\unitofwork.py", line 641, in execute
    util.preloaded.orm_persistence.save_obj(
  File "C:\Users\SIPL Server\Downloads\DSS\FinalGrid\SukoonPMS\venv\Lib\site-packages\sqlalchemy\orm\persistence.py", line 69, in save_obj
    ) in _organize_states_for_save(base_mapper, states, uowtransaction):
         ^^^^^^^^^^^^^^^^^^^^^^^^^^^^^^^^^^^^^^^^^^^^^^^^^^^^^^^^^^^^^^
  File "C:\Users\SIPL Server\Downloads\DSS\FinalGrid\SukoonPMS\venv\Lib\site-packages\sqlalchemy\orm\persistence.py", line 235, in _organize_states_for_save
    mapper.dispatch.before_insert(mapper, connection, state)
  File "C:\Users\SIPL Server\Downloads\DSS\FinalGrid\SukoonPMS\venv\Lib\site-packages\sqlalchemy\event\attr.py", line 516, in __call__
    fn(*args, **kw)
  File "C:\Users\SIPL Server\Downloads\DSS\FinalGrid\SukoonPMS\venv\Lib\site-packages\sqlalchemy\orm\events.py", line 893, in wrap
    fn(*arg, **kw)
  File "C:\Users\SIPL Server\Downloads\DSS\FinalGrid\SukoonPMS\verification\evidence\20260930_cf10_completion\verify_cf10_cf11.py", line 280, in boom
    raise RuntimeError('injected F2: audit insert failed')
RuntimeError: injected F2: audit insert failed

The above exception was the direct cause of the following exception:

Traceback (most recent call last):
  File "C:\wt_c4edc7b\app\routes.py", line 9058, in admin_convert_overpay_to_upsell
    result = convert_overpayment_to_upsell(
             ^^^^^^^^^^^^^^^^^^^^^^^^^^^^^^
  File "C:\wt_c4edc7b\app\services.py", line 2902, in convert_overpayment_to_upsell
    audited_financial_write(
  File "C:\wt_c4edc7b\app\services.py", line 247, in audited_financial_write
    raise AuditCouplingError(
app.services.AuditCouplingError: audit row for Reservation 22 (overpayment_converted_to_upsell) could not be written: RuntimeError: injected F2: audit insert failed
2026-09-30 08:18:30 [INFO] app.gst: GST rate=5.00% source=room_type_override room_type=Deluxe
2026-09-30 08:18:30 [INFO] app.gst: GST rate=5.00% source=room_type_override room_type=Deluxe
2026-09-30 08:18:30 [INFO] app.gst: GST rate=5.00% source=room_type_override room_type=Deluxe
2026-09-30 08:18:30 [INFO] app.gst: GST rate=5.00% source=room_type_override room_type=Deluxe
2026-09-30 08:18:30 [INFO] app.gst: GST rate=5.00% source=room_type_override room_type=Deluxe
2026-09-30 08:18:30 [INFO] app.nightly_rates: NIGHTLY_SYNC res=23 reason=upsell_conversion nights=2 created=2 skipped_locked=0 mode=standard override=False
2026-09-30 08:18:30 [ERROR] app.routes: admin_convert_overpay_to_upsell failed for res=23
Traceback (most recent call last):
  File "C:\wt_c4edc7b\app\services.py", line 245, in audited_financial_write
    _db.session.flush()
  File "C:\Users\SIPL Server\Downloads\DSS\FinalGrid\SukoonPMS\venv\Lib\site-packages\sqlalchemy\orm\scoping.py", line 924, in flush
    return self._proxied.flush(objects=objects)
           ^^^^^^^^^^^^^^^^^^^^^^^^^^^^^^^^^^^^
  File "C:\Users\SIPL Server\Downloads\DSS\FinalGrid\SukoonPMS\venv\Lib\site-packages\sqlalchemy\orm\session.py", line 4352, in flush
    self._flush(objects)
  File "C:\Users\SIPL Server\Downloads\DSS\FinalGrid\SukoonPMS\venv\Lib\site-packages\sqlalchemy\orm\session.py", line 4487, in _flush
    with util.safe_reraise():
         ^^^^^^^^^^^^^^^^^^^
  File "C:\Users\SIPL Server\Downloads\DSS\FinalGrid\SukoonPMS\venv\Lib\site-packages\sqlalchemy\util\langhelpers.py", line 122, in __exit__
    raise exc_value.with_traceback(exc_tb)
  File "C:\Users\SIPL Server\Downloads\DSS\FinalGrid\SukoonPMS\venv\Lib\site-packages\sqlalchemy\orm\session.py", line 4448, in _flush
    flush_context.execute()
  File "C:\Users\SIPL Server\Downloads\DSS\FinalGrid\SukoonPMS\venv\Lib\site-packages\sqlalchemy\orm\unitofwork.py", line 465, in execute
    rec.execute(self)
  File "C:\Users\SIPL Server\Downloads\DSS\FinalGrid\SukoonPMS\venv\Lib\site-packages\sqlalchemy\orm\unitofwork.py", line 641, in execute
    util.preloaded.orm_persistence.save_obj(
  File "C:\Users\SIPL Server\Downloads\DSS\FinalGrid\SukoonPMS\venv\Lib\site-packages\sqlalchemy\orm\persistence.py", line 69, in save_obj
    ) in _organize_states_for_save(base_mapper, states, uowtransaction):
         ^^^^^^^^^^^^^^^^^^^^^^^^^^^^^^^^^^^^^^^^^^^^^^^^^^^^^^^^^^^^^^
  File "C:\Users\SIPL Server\Downloads\DSS\FinalGrid\SukoonPMS\venv\Lib\site-packages\sqlalchemy\orm\persistence.py", line 235, in _organize_states_for_save
    mapper.dispatch.before_insert(mapper, connection, state)
  File "C:\Users\SIPL Server\Downloads\DSS\FinalGrid\SukoonPMS\venv\Lib\site-packages\sqlalchemy\event\attr.py", line 516, in __call__
    fn(*args, **kw)
  File "C:\Users\SIPL Server\Downloads\DSS\FinalGrid\SukoonPMS\venv\Lib\site-packages\sqlalchemy\orm\events.py", line 893, in wrap
    fn(*arg, **kw)
  File "C:\Users\SIPL Server\Downloads\DSS\FinalGrid\SukoonPMS\verification\evidence\20260930_cf10_completion\verify_cf10_cf11.py", line 280, in boom
    raise RuntimeError('injected F2: audit insert failed')
RuntimeError: injected F2: audit insert failed

The above exception was the direct cause of the following exception:

Traceback (most recent call last):
  File "C:\wt_c4edc7b\app\routes.py", line 9058, in admin_convert_overpay_to_upsell
    result = convert_overpayment_to_upsell(
             ^^^^^^^^^^^^^^^^^^^^^^^^^^^^^^
  File "C:\wt_c4edc7b\app\services.py", line 2902, in convert_overpayment_to_upsell
    audited_financial_write(
  File "C:\wt_c4edc7b\app\services.py", line 247, in audited_financial_write
    raise AuditCouplingError(
app.services.AuditCouplingError: audit row for Reservation 23 (overpayment_converted_to_upsell) could not be written: RuntimeError: injected F2: audit insert failed
2026-09-30 08:18:30 [INFO] app.gst: GST rate=5.00% source=room_type_override room_type=Deluxe
2026-09-30 08:18:30 [INFO] app.gst: GST rate=5.00% source=room_type_override room_type=Deluxe
2026-09-30 08:18:30 [INFO] app.gst: GST rate=5.00% source=room_type_override room_type=Deluxe
2026-09-30 08:18:30 [INFO] app.gst: GST rate=5.00% source=room_type_override room_type=Deluxe
2026-09-30 08:18:30 [INFO] app.gst: GST rate=5.00% source=room_type_override room_type=Deluxe
2026-09-30 08:18:30 [INFO] app.nightly_rates: NIGHTLY_SYNC res=24 reason=upsell_conversion nights=2 created=2 skipped_locked=0 mode=standard override=False
2026-09-30 08:18:30 [INFO] app.gst: GST rate=5.00% source=room_type_override room_type=Deluxe
2026-09-30 08:18:30 [ERROR] app.routes: admin_convert_overpay_to_upsell failed for res=24
Traceback (most recent call last):
  File "C:\wt_c4edc7b\app\services.py", line 245, in audited_financial_write
    _db.session.flush()
  File "C:\Users\SIPL Server\Downloads\DSS\FinalGrid\SukoonPMS\venv\Lib\site-packages\sqlalchemy\orm\scoping.py", line 924, in flush
    return self._proxied.flush(objects=objects)
           ^^^^^^^^^^^^^^^^^^^^^^^^^^^^^^^^^^^^
  File "C:\Users\SIPL Server\Downloads\DSS\FinalGrid\SukoonPMS\venv\Lib\site-packages\sqlalchemy\orm\session.py", line 4352, in flush
    self._flush(objects)
  File "C:\Users\SIPL Server\Downloads\DSS\FinalGrid\SukoonPMS\venv\Lib\site-packages\sqlalchemy\orm\session.py", line 4487, in _flush
    with util.safe_reraise():
         ^^^^^^^^^^^^^^^^^^^
  File "C:\Users\SIPL Server\Downloads\DSS\FinalGrid\SukoonPMS\venv\Lib\site-packages\sqlalchemy\util\langhelpers.py", line 122, in __exit__
    raise exc_value.with_traceback(exc_tb)
  File "C:\Users\SIPL Server\Downloads\DSS\FinalGrid\SukoonPMS\venv\Lib\site-packages\sqlalchemy\orm\session.py", line 4448, in _flush
    flush_context.execute()
  File "C:\Users\SIPL Server\Downloads\DSS\FinalGrid\SukoonPMS\venv\Lib\site-packages\sqlalchemy\orm\unitofwork.py", line 465, in execute
    rec.execute(self)
  File "C:\Users\SIPL Server\Downloads\DSS\FinalGrid\SukoonPMS\venv\Lib\site-packages\sqlalchemy\orm\unitofwork.py", line 641, in execute
    util.preloaded.orm_persistence.save_obj(
  File "C:\Users\SIPL Server\Downloads\DSS\FinalGrid\SukoonPMS\venv\Lib\site-packages\sqlalchemy\orm\persistence.py", line 69, in save_obj
    ) in _organize_states_for_save(base_mapper, states, uowtransaction):
         ^^^^^^^^^^^^^^^^^^^^^^^^^^^^^^^^^^^^^^^^^^^^^^^^^^^^^^^^^^^^^^
  File "C:\Users\SIPL Server\Downloads\DSS\FinalGrid\SukoonPMS\venv\Lib\site-packages\sqlalchemy\orm\persistence.py", line 235, in _organize_states_for_save
    mapper.dispatch.before_insert(mapper, connection, state)
  File "C:\Users\SIPL Server\Downloads\DSS\FinalGrid\SukoonPMS\venv\Lib\site-packages\sqlalchemy\event\attr.py", line 516, in __call__
    fn(*args, **kw)
  File "C:\Users\SIPL Server\Downloads\DSS\FinalGrid\SukoonPMS\venv\Lib\site-packages\sqlalchemy\orm\events.py", line 893, in wrap
    fn(*arg, **kw)
  File "C:\Users\SIPL Server\Downloads\DSS\FinalGrid\SukoonPMS\verification\evidence\20260930_cf10_completion\verify_cf10_cf11.py", line 280, in boom
    raise RuntimeError('injected F2: audit insert failed')
RuntimeError: injected F2: audit insert failed

The above exception was the direct cause of the following exception:

Traceback (most recent call last):
  File "C:\wt_c4edc7b\app\routes.py", line 9078, in admin_convert_overpay_to_upsell
    _write_audit_strict(
  File "C:\wt_c4edc7b\app\routes.py", line 362, in _write_audit_strict
    return audited_financial_write(entity_type, entity_id, action,
           ^^^^^^^^^^^^^^^^^^^^^^^^^^^^^^^^^^^^^^^^^^^^^^^^^^^^^^^
  File "C:\wt_c4edc7b\app\services.py", line 247, in audited_financial_write
    raise AuditCouplingError(
app.services.AuditCouplingError: audit row for Reservation 24 (admin_convert_overpay_to_upsell) could not be written: RuntimeError: injected F2: audit insert failed
2026-09-30 08:18:30 [INFO] app.gst: GST rate=5.00% source=room_type_override room_type=Deluxe
2026-09-30 08:18:30 [INFO] app.gst: GST rate=5.00% source=room_type_override room_type=Deluxe
2026-09-30 08:18:30 [INFO] app.gst: GST rate=5.00% source=room_type_override room_type=Deluxe
2026-09-30 08:18:30 [INFO] app.gst: GST rate=5.00% source=room_type_override room_type=Deluxe
2026-09-30 08:18:30 [INFO] app.gst: GST rate=5.00% source=room_type_override room_type=Deluxe
2026-09-30 08:18:30 [INFO] app.gst: GST rate=5.00% source=room_type_override room_type=Deluxe
============================================================================================================================================
CF-10 / CF-11 HARDENING - GROUP w24
app root C:\wt_c4edc7b  commit c4edc7b23e83c4e0063a582c9fa80bb818cec7ea  app/ clean: True
production sha256 before: 51dd83b7f0fa42a3e85afb0f46c1a5f7cc6978436ff361250caef9ae92830bc2 (anchor)
============================================================================================================================================
copy=C:\Users\SIPL Server\Downloads\DSS\FinalGrid\SukoonPMS\verification\_work\cf10_w24.db  business date=2026-08-10  vacant=36  admin=2
W-24 CASE A via the admin route
OK    W24-A-01     W-24    conversion applied: rate raised, UPSELL stamped            expect=(True, 'UPSELL')       got=(True, 'UPSELL')       HTTP 302
OK    W24-A-02     W-24    room_upsell rows (CASE A posts one, CASE B none)           expect=1                      got=1                      
OK    W24-A-03     W-24    strict audit of the state transition on the reservation    expect=1                      got=1                      
OK    W24-A-04     W-24    transition audit records old/new rate and branch           expect=(1000.0, 2880.95, True got=(1000.0, 2880.95, True 
OK    W24-A-05     W-24    transition audit actor is the operator                     expect=2                      got=2                      
OK    W24-A-06     W-24    strict posted audit on the room_upsell charge              expect=1                      got=1                      
OK    W24-A-07     W-24    charge audit carries amount and folio                      expect=(3761.9, 5)            got=(3761.9, 5)            
OK    W24-A-08     W-24    charge amount == pretax increment in the transition audit  expect=3761.9                 got=3761.9                 
OK    W24-A-09     W-24    admin route audit persisted (was added after the last comm expect=1                      got=1                      
W-24 CASE B via the admin route
OK    W24-B-01     W-24    conversion applied: rate raised, UPSELL stamped            expect=(True, 'UPSELL')       got=(True, 'UPSELL')       HTTP 302
OK    W24-B-02     W-24    room_upsell rows (CASE A posts one, CASE B none)           expect=0                      got=0                      
OK    W24-B-03     W-24    strict audit of the state transition on the reservation    expect=1                      got=1                      
OK    W24-B-04     W-24    transition audit records old/new rate and branch           expect=(1000.0, 2380.95, True got=(1000.0, 2380.95, True 
OK    W24-B-05     W-24    transition audit actor is the operator                     expect=2                      got=2                      
OK    W24-B-09     W-24    admin route audit persisted (was added after the last comm expect=1                      got=1                      
W-24 CASE A via POST /checkout (overpay_resolution=upsell)
OK    W24-CO-A-01  W-24    checkout: checked out, UPSELL, one transition audit (branc expect=('CheckedOut', 'UPSELL got=('CheckedOut', 'UPSELL HTTP 302
OK    W24-CO-A-02  W-24    checkout CASE A: room_upsell charge has its posted audit   expect=(True, 1)              got=(True, 1)              
OK    W24-CO-A-B   W-24    checkout, F1 on the transition audit: not checked out, not expect={'rate': 1000.0, 'adj' got={'rate': 1000.0, 'adj' HTTP 200
W-24 CASE B via POST /checkout (overpay_resolution=upsell)
OK    W24-CO-B-01  W-24    checkout: checked out, UPSELL, one transition audit (branc expect=('CheckedOut', 'UPSELL got=('CheckedOut', 'UPSELL HTTP 302
OK    W24-CO-B-B   W-24    checkout, F1 on the transition audit: not checked out, not expect={'rate': 1000.0, 'adj' got={'rate': 1000.0, 'adj' HTTP 200
OK    W24-B-F1-A-any W-24    CASE A, F1 on any audit: nothing converted                 expect={'rate': 1000.0, 'adj' got={'rate': 1000.0, 'adj' HTTP 302
OK    W24-B-F1-A-transition W-24    CASE A, F1 on transition audit: nothing converted          expect={'rate': 1000.0, 'adj' got={'rate': 1000.0, 'adj' HTTP 302
OK    W24-B-F1-A-charge W-24    CASE A, F1 on charge audit: nothing converted              expect={'rate': 1000.0, 'adj' got={'rate': 1000.0, 'adj' HTTP 302
OK    W24-B-F1-A-admin W-24    CASE A, F1 on admin audit: nothing converted               expect={'rate': 1000.0, 'adj' got={'rate': 1000.0, 'adj' HTTP 302
OK    W24-B-F1-B-any W-24    CASE B, F1 on any audit: nothing converted                 expect={'rate': 1000.0, 'adj' got={'rate': 1000.0, 'adj' HTTP 302
OK    W24-B-F1-B-transition W-24    CASE B, F1 on transition audit: nothing converted          expect={'rate': 1000.0, 'adj' got={'rate': 1000.0, 'adj' HTTP 302
OK    W24-B-F1-B-admin W-24    CASE B, F1 on admin audit: nothing converted               expect={'rate': 1000.0, 'adj' got={'rate': 1000.0, 'adj' HTTP 302
OK    W24-B-F2-A-any W-24    CASE A, F2 on any audit: nothing converted                 expect={'rate': 1000.0, 'adj' got={'rate': 1000.0, 'adj' HTTP 302
OK    W24-B-F2-A-transition W-24    CASE A, F2 on transition audit: nothing converted          expect={'rate': 1000.0, 'adj' got={'rate': 1000.0, 'adj' HTTP 302
OK    W24-B-F2-A-charge W-24    CASE A, F2 on charge audit: nothing converted              expect={'rate': 1000.0, 'adj' got={'rate': 1000.0, 'adj' HTTP 302
OK    W24-B-F2-A-admin W-24    CASE A, F2 on admin audit: nothing converted               expect={'rate': 1000.0, 'adj' got={'rate': 1000.0, 'adj' HTTP 302
OK    W24-B-F2-B-any W-24    CASE B, F2 on any audit: nothing converted                 expect={'rate': 1000.0, 'adj' got={'rate': 1000.0, 'adj' HTTP 302
OK    W24-B-F2-B-transition W-24    CASE B, F2 on transition audit: nothing converted          expect={'rate': 1000.0, 'adj' got={'rate': 1000.0, 'adj' HTTP 302
OK    W24-B-F2-B-admin W-24    CASE B, F2 on admin audit: nothing converted               expect={'rate': 1000.0, 'adj' got={'rate': 1000.0, 'adj' HTTP 302
W-24 service contract relied on by the checkout caller
OK    W24-S-F1     W-24    service raises under F1; caller rollback leaves nothing    expect=(True, {'rate': 1000.0 got=(True, {'rate': 1000.0 RuntimeError
OK    W24-S-F2     W-24    service raises under F2; caller rollback leaves nothing    expect=(True, {'rate': 1000.0 got=(True, {'rate': 1000.0 AuditCouplingError
W-24 no overpayment: refused, nothing written
OK    W24-D        W-24    no overpayment: nothing converted, no transition audit     expect=({'rate': 1000.0, 'adj got=({'rate': 1000.0, 'adj HTTP 302
OK    P-01         prod    production database unchanged (sha256 == anchor)           expect='51dd83b7f0fa42a3e85af got='51dd83b7f0fa42a3e85af 
--------------------------------------------------------------------------------------------------------------------------------------------
GROUP w24: 38/38 gates passed -> PASS
2026-09-30 08:18:30 [INFO] apscheduler.scheduler: Scheduler has been shut down
2026-09-30 08:18:31 [WARNING] app: Running on SQLite — row-level locking (with_for_update) is not enforced. SQLite uses a database-wide write lock; concurrent writers will serialise. Move to PostgreSQL for true per-row locking and higher concurrency.
2026-09-30 08:18:31 [INFO] app: ------- SECURITY MODE -------
2026-09-30 08:18:31 [INFO] app:   env                : production
2026-09-30 08:18:31 [INFO] app:   secret_key         : set (>=32 chars)
2026-09-30 08:18:31 [INFO] app:   updater_signing    : ENFORCED
2026-09-30 08:18:31 [INFO] app:   encryption         : available
2026-09-30 08:18:31 [INFO] app:   lan_access         : disabled (127.0.0.1 only)
2026-09-30 08:18:31 [INFO] app:   schema_drift_mode  : warn-only
2026-09-30 08:18:31 [INFO] app: -----------------------------
2026-09-30 08:18:31 [INFO] app: db.create_all() skipped in production. Use Alembic migrations for schema changes. Set DB_AUTO_CREATE=1 to force-enable at next boot.
2026-09-30 08:18:31 [INFO] app: SQLite: ensured table credit_vouchers exists
2026-09-30 08:18:31 [INFO] app: SQLite: ensured table credit_voucher_redemptions exists
2026-09-30 08:18:31 [INFO] apscheduler.scheduler: Scheduler started
2026-09-30 08:18:31 [INFO] apscheduler.scheduler: Added job "setup_backup_scheduler.<locals>._scheduled_backup" to job store "default"
2026-09-30 08:18:31 [INFO] app.backup_manager: Daily backup scheduled at 03:00
2026-09-30 08:18:31 [INFO] apscheduler.scheduler: Added job "flush_notification_queue" to job store "default"
2026-09-30 08:18:31 [INFO] apscheduler.scheduler: Added job "create_app.<locals>._prune_old_logs" to job store "default"
2026-09-30 08:18:31 [INFO] apscheduler.scheduler: Added job "create_app.<locals>._run_predictive_maintenance" to job store "default"
2026-09-30 08:18:31 [ERROR] app.services: Night audit failed for business date: injected F1: audit row could not be constructed
2026-09-30 08:18:31 [ERROR] app.routes: Manual night audit failed: injected F1: audit row could not be constructed
Traceback (most recent call last):
  File "C:\wt_c4edc7b\app\routes.py", line 4925, in run_night_audit_manual
    run_night_audit(user_id=current_user.id)
  File "C:\wt_c4edc7b\app\services.py", line 417, in run_night_audit
    audited_financial_write(
  File "C:\wt_c4edc7b\app\services.py", line 236, in audited_financial_write
    log = AuditLog(entity_type=entity_type,
          ^^^^^^^^^^^^^^^^^^^^^^^^^^^^^^^^^
  File "C:\Users\SIPL Server\Downloads\DSS\FinalGrid\SukoonPMS\verification\evidence\20260930_cf10_completion\verify_cf10_cf11.py", line 267, in boom
    raise RuntimeError('injected F1: audit row could not be constructed')
RuntimeError: injected F1: audit row could not be constructed
2026-09-30 08:18:32 [ERROR] app.services: Night audit failed for business date: injected F1: audit row could not be constructed
2026-09-30 08:18:32 [ERROR] app.routes: Manual night audit failed: injected F1: audit row could not be constructed
Traceback (most recent call last):
  File "C:\wt_c4edc7b\app\routes.py", line 4925, in run_night_audit_manual
    run_night_audit(user_id=current_user.id)
  File "C:\wt_c4edc7b\app\services.py", line 417, in run_night_audit
    audited_financial_write(
  File "C:\wt_c4edc7b\app\services.py", line 236, in audited_financial_write
    log = AuditLog(entity_type=entity_type,
          ^^^^^^^^^^^^^^^^^^^^^^^^^^^^^^^^^
  File "C:\Users\SIPL Server\Downloads\DSS\FinalGrid\SukoonPMS\verification\evidence\20260930_cf10_completion\verify_cf10_cf11.py", line 267, in boom
    raise RuntimeError('injected F1: audit row could not be constructed')
RuntimeError: injected F1: audit row could not be constructed
2026-09-30 08:18:32 [ERROR] app.services: Night audit failed for business date: injected F1: audit row could not be constructed
2026-09-30 08:18:32 [ERROR] app.services: Night audit failed for business date: audit row for ExtraCharge 3 (posted) could not be written: RuntimeError: injected F2: audit insert failed
2026-09-30 08:18:32 [ERROR] app.routes: Manual night audit failed: audit row for ExtraCharge 3 (posted) could not be written: RuntimeError: injected F2: audit insert failed
Traceback (most recent call last):
  File "C:\wt_c4edc7b\app\services.py", line 245, in audited_financial_write
    _db.session.flush()
  File "C:\Users\SIPL Server\Downloads\DSS\FinalGrid\SukoonPMS\venv\Lib\site-packages\sqlalchemy\orm\scoping.py", line 924, in flush
    return self._proxied.flush(objects=objects)
           ^^^^^^^^^^^^^^^^^^^^^^^^^^^^^^^^^^^^
  File "C:\Users\SIPL Server\Downloads\DSS\FinalGrid\SukoonPMS\venv\Lib\site-packages\sqlalchemy\orm\session.py", line 4352, in flush
    self._flush(objects)
  File "C:\Users\SIPL Server\Downloads\DSS\FinalGrid\SukoonPMS\venv\Lib\site-packages\sqlalchemy\orm\session.py", line 4487, in _flush
    with util.safe_reraise():
         ^^^^^^^^^^^^^^^^^^^
  File "C:\Users\SIPL Server\Downloads\DSS\FinalGrid\SukoonPMS\venv\Lib\site-packages\sqlalchemy\util\langhelpers.py", line 122, in __exit__
    raise exc_value.with_traceback(exc_tb)
  File "C:\Users\SIPL Server\Downloads\DSS\FinalGrid\SukoonPMS\venv\Lib\site-packages\sqlalchemy\orm\session.py", line 4448, in _flush
    flush_context.execute()
  File "C:\Users\SIPL Server\Downloads\DSS\FinalGrid\SukoonPMS\venv\Lib\site-packages\sqlalchemy\orm\unitofwork.py", line 465, in execute
    rec.execute(self)
  File "C:\Users\SIPL Server\Downloads\DSS\FinalGrid\SukoonPMS\venv\Lib\site-packages\sqlalchemy\orm\unitofwork.py", line 641, in execute
    util.preloaded.orm_persistence.save_obj(
  File "C:\Users\SIPL Server\Downloads\DSS\FinalGrid\SukoonPMS\venv\Lib\site-packages\sqlalchemy\orm\persistence.py", line 69, in save_obj
    ) in _organize_states_for_save(base_mapper, states, uowtransaction):
         ^^^^^^^^^^^^^^^^^^^^^^^^^^^^^^^^^^^^^^^^^^^^^^^^^^^^^^^^^^^^^^
  File "C:\Users\SIPL Server\Downloads\DSS\FinalGrid\SukoonPMS\venv\Lib\site-packages\sqlalchemy\orm\persistence.py", line 235, in _organize_states_for_save
    mapper.dispatch.before_insert(mapper, connection, state)
  File "C:\Users\SIPL Server\Downloads\DSS\FinalGrid\SukoonPMS\venv\Lib\site-packages\sqlalchemy\event\attr.py", line 516, in __call__
    fn(*args, **kw)
  File "C:\Users\SIPL Server\Downloads\DSS\FinalGrid\SukoonPMS\venv\Lib\site-packages\sqlalchemy\orm\events.py", line 893, in wrap
    fn(*arg, **kw)
  File "C:\Users\SIPL Server\Downloads\DSS\FinalGrid\SukoonPMS\verification\evidence\20260930_cf10_completion\verify_cf10_cf11.py", line 280, in boom
    raise RuntimeError('injected F2: audit insert failed')
RuntimeError: injected F2: audit insert failed

The above exception was the direct cause of the following exception:

Traceback (most recent call last):
  File "C:\wt_c4edc7b\app\routes.py", line 4925, in run_night_audit_manual
    run_night_audit(user_id=current_user.id)
  File "C:\wt_c4edc7b\app\services.py", line 417, in run_night_audit
    audited_financial_write(
  File "C:\wt_c4edc7b\app\services.py", line 247, in audited_financial_write
    raise AuditCouplingError(
app.services.AuditCouplingError: audit row for ExtraCharge 3 (posted) could not be written: RuntimeError: injected F2: audit insert failed
2026-09-30 08:18:32 [ERROR] app.services: Night audit failed for business date: audit row for ExtraCharge 3 (posted) could not be written: RuntimeError: injected F2: audit insert failed
2026-09-30 08:18:32 [ERROR] app.routes: Manual night audit failed: audit row for ExtraCharge 3 (posted) could not be written: RuntimeError: injected F2: audit insert failed
Traceback (most recent call last):
  File "C:\wt_c4edc7b\app\services.py", line 245, in audited_financial_write
    _db.session.flush()
  File "C:\Users\SIPL Server\Downloads\DSS\FinalGrid\SukoonPMS\venv\Lib\site-packages\sqlalchemy\orm\scoping.py", line 924, in flush
    return self._proxied.flush(objects=objects)
           ^^^^^^^^^^^^^^^^^^^^^^^^^^^^^^^^^^^^
  File "C:\Users\SIPL Server\Downloads\DSS\FinalGrid\SukoonPMS\venv\Lib\site-packages\sqlalchemy\orm\session.py", line 4352, in flush
    self._flush(objects)
  File "C:\Users\SIPL Server\Downloads\DSS\FinalGrid\SukoonPMS\venv\Lib\site-packages\sqlalchemy\orm\session.py", line 4487, in _flush
    with util.safe_reraise():
         ^^^^^^^^^^^^^^^^^^^
  File "C:\Users\SIPL Server\Downloads\DSS\FinalGrid\SukoonPMS\venv\Lib\site-packages\sqlalchemy\util\langhelpers.py", line 122, in __exit__
    raise exc_value.with_traceback(exc_tb)
  File "C:\Users\SIPL Server\Downloads\DSS\FinalGrid\SukoonPMS\venv\Lib\site-packages\sqlalchemy\orm\session.py", line 4448, in _flush
    flush_context.execute()
  File "C:\Users\SIPL Server\Downloads\DSS\FinalGrid\SukoonPMS\venv\Lib\site-packages\sqlalchemy\orm\unitofwork.py", line 465, in execute
    rec.execute(self)
  File "C:\Users\SIPL Server\Downloads\DSS\FinalGrid\SukoonPMS\venv\Lib\site-packages\sqlalchemy\orm\unitofwork.py", line 641, in execute
    util.preloaded.orm_persistence.save_obj(
  File "C:\Users\SIPL Server\Downloads\DSS\FinalGrid\SukoonPMS\venv\Lib\site-packages\sqlalchemy\orm\persistence.py", line 69, in save_obj
    ) in _organize_states_for_save(base_mapper, states, uowtransaction):
         ^^^^^^^^^^^^^^^^^^^^^^^^^^^^^^^^^^^^^^^^^^^^^^^^^^^^^^^^^^^^^^
  File "C:\Users\SIPL Server\Downloads\DSS\FinalGrid\SukoonPMS\venv\Lib\site-packages\sqlalchemy\orm\persistence.py", line 235, in _organize_states_for_save
    mapper.dispatch.before_insert(mapper, connection, state)
  File "C:\Users\SIPL Server\Downloads\DSS\FinalGrid\SukoonPMS\venv\Lib\site-packages\sqlalchemy\event\attr.py", line 516, in __call__
    fn(*args, **kw)
  File "C:\Users\SIPL Server\Downloads\DSS\FinalGrid\SukoonPMS\venv\Lib\site-packages\sqlalchemy\orm\events.py", line 893, in wrap
    fn(*arg, **kw)
  File "C:\Users\SIPL Server\Downloads\DSS\FinalGrid\SukoonPMS\verification\evidence\20260930_cf10_completion\verify_cf10_cf11.py", line 280, in boom
    raise RuntimeError('injected F2: audit insert failed')
RuntimeError: injected F2: audit insert failed

The above exception was the direct cause of the following exception:

Traceback (most recent call last):
  File "C:\wt_c4edc7b\app\routes.py", line 4925, in run_night_audit_manual
    run_night_audit(user_id=current_user.id)
  File "C:\wt_c4edc7b\app\services.py", line 417, in run_night_audit
    audited_financial_write(
  File "C:\wt_c4edc7b\app\services.py", line 247, in audited_financial_write
    raise AuditCouplingError(
app.services.AuditCouplingError: audit row for ExtraCharge 3 (posted) could not be written: RuntimeError: injected F2: audit insert failed
2026-09-30 08:18:32 [ERROR] app.services: Night audit failed for business date: audit row for ExtraCharge 3 (posted) could not be written: RuntimeError: injected F2: audit insert failed
2026-09-30 08:18:32 [INFO] app.gst: GST rate=5.00% source=room_type_override room_type=Deluxe
2026-09-30 08:18:32 [INFO] app.gst: GST rate=5.00% source=room_type_override room_type=Deluxe
2026-09-30 08:18:32 [INFO] app.gst: GST rate=5.00% source=room_type_override room_type=Deluxe
2026-09-30 08:18:32 [INFO] app.gst: GST rate=5.00% source=room_type_override room_type=Deluxe
2026-09-30 08:18:32 [INFO] app.gst: GST rate=5.00% source=room_type_override room_type=Deluxe
2026-09-30 08:18:32 [INFO] app.gst: GST rate=5.00% source=room_type_override room_type=Deluxe
2026-09-30 08:18:32 [INFO] app.gst: GST rate=5.00% source=room_type_override room_type=Deluxe
2026-09-30 08:18:32 [INFO] app.services: Night audit for 2026-08-10 auto-completed. Business date advanced to 2026-08-11
2026-09-30 08:18:32 [INFO] app.gst: GST rate=5.00% source=room_type_override room_type=Deluxe
2026-09-30 08:18:32 [INFO] app.gst: GST rate=5.00% source=room_type_override room_type=Deluxe
2026-09-30 08:18:32 [INFO] app.gst: GST rate=5.00% source=room_type_override room_type=Deluxe
2026-09-30 08:18:32 [INFO] app.gst: GST rate=5.00% source=room_type_override room_type=Deluxe
2026-09-30 08:18:32 [INFO] app.gst: GST rate=5.00% source=room_type_override room_type=Deluxe
2026-09-30 08:18:32 [INFO] app.gst: GST rate=5.00% source=room_type_override room_type=Deluxe
2026-09-30 08:18:32 [INFO] app.gst: GST rate=5.00% source=room_type_override room_type=Deluxe
2026-09-30 08:18:32 [INFO] app.gst: GST rate=5.00% source=room_type_override room_type=Deluxe
2026-09-30 08:18:32 [INFO] app.services: Night audit for 2026-08-11 auto-completed. Business date advanced to 2026-08-12
2026-09-30 08:18:32 [ERROR] app.reports: rerun skipped audit failed
Traceback (most recent call last):
  File "C:\wt_c4edc7b\app\reports.py", line 3360, in _rerun_skipped_audit
    audited_financial_write(
  File "C:\wt_c4edc7b\app\services.py", line 236, in audited_financial_write
    log = AuditLog(entity_type=entity_type,
          ^^^^^^^^^^^^^^^^^^^^^^^^^^^^^^^^^
  File "C:\Users\SIPL Server\Downloads\DSS\FinalGrid\SukoonPMS\verification\evidence\20260930_cf10_completion\verify_cf10_cf11.py", line 267, in boom
    raise RuntimeError('injected F1: audit row could not be constructed')
RuntimeError: injected F1: audit row could not be constructed
2026-09-30 08:18:32 [ERROR] app.reports: rerun skipped audit failed
Traceback (most recent call last):
  File "C:\wt_c4edc7b\app\reports.py", line 3360, in _rerun_skipped_audit
    audited_financial_write(
  File "C:\wt_c4edc7b\app\services.py", line 236, in audited_financial_write
    log = AuditLog(entity_type=entity_type,
          ^^^^^^^^^^^^^^^^^^^^^^^^^^^^^^^^^
  File "C:\Users\SIPL Server\Downloads\DSS\FinalGrid\SukoonPMS\verification\evidence\20260930_cf10_completion\verify_cf10_cf11.py", line 267, in boom
    raise RuntimeError('injected F1: audit row could not be constructed')
RuntimeError: injected F1: audit row could not be constructed
2026-09-30 08:18:32 [ERROR] app.reports: rerun skipped audit failed
Traceback (most recent call last):
  File "C:\wt_c4edc7b\app\services.py", line 245, in audited_financial_write
    _db.session.flush()
  File "C:\Users\SIPL Server\Downloads\DSS\FinalGrid\SukoonPMS\venv\Lib\site-packages\sqlalchemy\orm\scoping.py", line 924, in flush
    return self._proxied.flush(objects=objects)
           ^^^^^^^^^^^^^^^^^^^^^^^^^^^^^^^^^^^^
  File "C:\Users\SIPL Server\Downloads\DSS\FinalGrid\SukoonPMS\venv\Lib\site-packages\sqlalchemy\orm\session.py", line 4352, in flush
    self._flush(objects)
  File "C:\Users\SIPL Server\Downloads\DSS\FinalGrid\SukoonPMS\venv\Lib\site-packages\sqlalchemy\orm\session.py", line 4487, in _flush
    with util.safe_reraise():
         ^^^^^^^^^^^^^^^^^^^
  File "C:\Users\SIPL Server\Downloads\DSS\FinalGrid\SukoonPMS\venv\Lib\site-packages\sqlalchemy\util\langhelpers.py", line 122, in __exit__
    raise exc_value.with_traceback(exc_tb)
  File "C:\Users\SIPL Server\Downloads\DSS\FinalGrid\SukoonPMS\venv\Lib\site-packages\sqlalchemy\orm\session.py", line 4448, in _flush
    flush_context.execute()
  File "C:\Users\SIPL Server\Downloads\DSS\FinalGrid\SukoonPMS\venv\Lib\site-packages\sqlalchemy\orm\unitofwork.py", line 465, in execute
    rec.execute(self)
  File "C:\Users\SIPL Server\Downloads\DSS\FinalGrid\SukoonPMS\venv\Lib\site-packages\sqlalchemy\orm\unitofwork.py", line 641, in execute
    util.preloaded.orm_persistence.save_obj(
  File "C:\Users\SIPL Server\Downloads\DSS\FinalGrid\SukoonPMS\venv\Lib\site-packages\sqlalchemy\orm\persistence.py", line 69, in save_obj
    ) in _organize_states_for_save(base_mapper, states, uowtransaction):
         ^^^^^^^^^^^^^^^^^^^^^^^^^^^^^^^^^^^^^^^^^^^^^^^^^^^^^^^^^^^^^^
  File "C:\Users\SIPL Server\Downloads\DSS\FinalGrid\SukoonPMS\venv\Lib\site-packages\sqlalchemy\orm\persistence.py", line 235, in _organize_states_for_save
    mapper.dispatch.before_insert(mapper, connection, state)
  File "C:\Users\SIPL Server\Downloads\DSS\FinalGrid\SukoonPMS\venv\Lib\site-packages\sqlalchemy\event\attr.py", line 516, in __call__
    fn(*args, **kw)
  File "C:\Users\SIPL Server\Downloads\DSS\FinalGrid\SukoonPMS\venv\Lib\site-packages\sqlalchemy\orm\events.py", line 893, in wrap
    fn(*arg, **kw)
  File "C:\Users\SIPL Server\Downloads\DSS\FinalGrid\SukoonPMS\verification\evidence\20260930_cf10_completion\verify_cf10_cf11.py", line 280, in boom
    raise RuntimeError('injected F2: audit insert failed')
RuntimeError: injected F2: audit insert failed

The above exception was the direct cause of the following exception:

Traceback (most recent call last):
  File "C:\wt_c4edc7b\app\reports.py", line 3360, in _rerun_skipped_audit
    audited_financial_write(
  File "C:\wt_c4edc7b\app\services.py", line 247, in audited_financial_write
    raise AuditCouplingError(
app.services.AuditCouplingError: audit row for ExtraCharge 7 (posted) could not be written: RuntimeError: injected F2: audit insert failed
2026-09-30 08:18:32 [ERROR] app.reports: rerun skipped audit failed
Traceback (most recent call last):
  File "C:\wt_c4edc7b\app\services.py", line 245, in audited_financial_write
    _db.session.flush()
  File "C:\Users\SIPL Server\Downloads\DSS\FinalGrid\SukoonPMS\venv\Lib\site-packages\sqlalchemy\orm\scoping.py", line 924, in flush
    return self._proxied.flush(objects=objects)
           ^^^^^^^^^^^^^^^^^^^^^^^^^^^^^^^^^^^^
  File "C:\Users\SIPL Server\Downloads\DSS\FinalGrid\SukoonPMS\venv\Lib\site-packages\sqlalchemy\orm\session.py", line 4352, in flush
    self._flush(objects)
  File "C:\Users\SIPL Server\Downloads\DSS\FinalGrid\SukoonPMS\venv\Lib\site-packages\sqlalchemy\orm\session.py", line 4487, in _flush
    with util.safe_reraise():
         ^^^^^^^^^^^^^^^^^^^
  File "C:\Users\SIPL Server\Downloads\DSS\FinalGrid\SukoonPMS\venv\Lib\site-packages\sqlalchemy\util\langhelpers.py", line 122, in __exit__
    raise exc_value.with_traceback(exc_tb)
  File "C:\Users\SIPL Server\Downloads\DSS\FinalGrid\SukoonPMS\venv\Lib\site-packages\sqlalchemy\orm\session.py", line 4448, in _flush
    flush_context.execute()
  File "C:\Users\SIPL Server\Downloads\DSS\FinalGrid\SukoonPMS\venv\Lib\site-packages\sqlalchemy\orm\unitofwork.py", line 465, in execute
    rec.execute(self)
  File "C:\Users\SIPL Server\Downloads\DSS\FinalGrid\SukoonPMS\venv\Lib\site-packages\sqlalchemy\orm\unitofwork.py", line 641, in execute
    util.preloaded.orm_persistence.save_obj(
  File "C:\Users\SIPL Server\Downloads\DSS\FinalGrid\SukoonPMS\venv\Lib\site-packages\sqlalchemy\orm\persistence.py", line 69, in save_obj
    ) in _organize_states_for_save(base_mapper, states, uowtransaction):
         ^^^^^^^^^^^^^^^^^^^^^^^^^^^^^^^^^^^^^^^^^^^^^^^^^^^^^^^^^^^^^^
  File "C:\Users\SIPL Server\Downloads\DSS\FinalGrid\SukoonPMS\venv\Lib\site-packages\sqlalchemy\orm\persistence.py", line 235, in _organize_states_for_save
    mapper.dispatch.before_insert(mapper, connection, state)
  File "C:\Users\SIPL Server\Downloads\DSS\FinalGrid\SukoonPMS\venv\Lib\site-packages\sqlalchemy\event\attr.py", line 516, in __call__
    fn(*args, **kw)
  File "C:\Users\SIPL Server\Downloads\DSS\FinalGrid\SukoonPMS\venv\Lib\site-packages\sqlalchemy\orm\events.py", line 893, in wrap
    fn(*arg, **kw)
  File "C:\Users\SIPL Server\Downloads\DSS\FinalGrid\SukoonPMS\verification\evidence\20260930_cf10_completion\verify_cf10_cf11.py", line 280, in boom
    raise RuntimeError('injected F2: audit insert failed')
RuntimeError: injected F2: audit insert failed

The above exception was the direct cause of the following exception:

Traceback (most recent call last):
  File "C:\wt_c4edc7b\app\reports.py", line 3360, in _rerun_skipped_audit
    audited_financial_write(
  File "C:\wt_c4edc7b\app\services.py", line 247, in audited_financial_write
    raise AuditCouplingError(
app.services.AuditCouplingError: audit row for ExtraCharge 7 (posted) could not be written: RuntimeError: injected F2: audit insert failed
2026-09-30 08:18:32 [INFO] app.gst: GST rate=5.00% source=room_type_override room_type=Deluxe
============================================================================================================================================
CF-10 / CF-11 HARDENING - GROUP na
app root C:\wt_c4edc7b  commit c4edc7b23e83c4e0063a582c9fa80bb818cec7ea  app/ clean: True
production sha256 before: 51dd83b7f0fa42a3e85afb0f46c1a5f7cc6978436ff361250caef9ae92830bc2 (anchor)
============================================================================================================================================
copy=C:\Users\SIPL Server\Downloads\DSS\FinalGrid\SukoonPMS\verification\_work\cf10_na.db  business date=2026-08-10  vacant=36  admin=2
W-21 audit failure: the whole run rolls back (manual route and scheduler call)
OK    W21-B-F1-any W-21    route, F1 on any audit: no log, no charge, date unchanged  expect={'logs': 0, 'rent': 0, got={'logs': 0, 'rent': 0, HTTP 302
OK    W21-B-F1-charge W-21    route, F1 on charge audit: no log, no charge, date unchang expect={'logs': 0, 'rent': 0, got={'logs': 0, 'rent': 0, HTTP 302
OK    W21-S-F1     W-21    scheduler-style call, F1: raises, nothing persisted        expect=(True, {'logs': 0, 're got=(True, {'logs': 0, 're RuntimeError
OK    W21-B-F2-any W-21    route, F2 on any audit: no log, no charge, date unchanged  expect={'logs': 0, 'rent': 0, got={'logs': 0, 'rent': 0, HTTP 302
OK    W21-B-F2-charge W-21    route, F2 on charge audit: no log, no charge, date unchang expect={'logs': 0, 'rent': 0, got={'logs': 0, 'rent': 0, HTTP 302
OK    W21-S-F2     W-21    scheduler-style call, F2: raises, nothing persisted        expect=(True, {'logs': 0, 're got=(True, {'logs': 0, 're AuditCouplingError
W-21 success via POST /night-audit/run
OK    W21-01       W-21    one log, a room_rent charge per in-house guest             expect=(1, 2)                 got=(1, 2)                 HTTP 302
OK    W21-02       W-21    run_by_user_id is the operator                             expect=2                      got=2                      
OK    W21-03.0     W-21    charge 0: one strict audit naming amount, folio, log, acto expect=(1, 1000.0, 5, 'room_r got=(1, 1000.0, 5, 'room_r 
OK    W21-03.1     W-21    charge 1: one strict audit naming amount, folio, log, acto expect=(1, 1100.0, 6, 'room_r got=(1, 1100.0, 6, 'room_r 
OK    W21-04       W-21    every room_rent charge for the date has exactly one posted expect=[1, 1]                 got=[1, 1]                 2 charges
OK    W21-C        W-21    second run: nothing re-posted for the audited date         expect=(1, 2)                 got=(1, 2)                 HTTP 302; business date now 2026-08-12
OK    W21-C2       W-21    next-day run: every room_rent charge has one posted audit  expect=[1, 1]                 got=[1, 1]                 2026-08-11: 2 charges
W-16 audit failure: the rerun rolls back
OK    W16-B-F1-any W-16    F1 on any audit: still Skipped, no charge, no reopen row   expect={'status': 'Skipped',  got={'status': 'Skipped',  HTTP 302
OK    W16-B-F1-charge W-16    F1 on charge audit: still Skipped, no charge, no reopen ro expect={'status': 'Skipped',  got={'status': 'Skipped',  HTTP 302
OK    W16-B-F2-any W-16    F2 on any audit: still Skipped, no charge, no reopen row   expect={'status': 'Skipped',  got={'status': 'Skipped',  HTTP 302
OK    W16-B-F2-charge W-16    F2 on charge audit: still Skipped, no charge, no reopen ro expect={'status': 'Skipped',  got={'status': 'Skipped',  HTTP 302
W-16 success via POST /reports/night-audit/rerun-skipped
OK    W16-01       W-16    rerun: Completed/Warning, charge posted, reopen row        expect=(True, 1, 1)           got=(True, 1, 1)           HTTP 302
OK    W16-02       W-16    one strict audit naming amount, folio, log, flow, actor    expect=(1, 1500.0, 7, 4, 'nig got=(1, 1500.0, 7, 4, 'nig 
OK    W16-C        W-16    repeat: refused (not Skipped), no duplicate                expect={'status': 'Completed' got={'status': 'Completed' HTTP 302
OK    P-01         prod    production database unchanged (sha256 == anchor)           expect='51dd83b7f0fa42a3e85af got='51dd83b7f0fa42a3e85af 
--------------------------------------------------------------------------------------------------------------------------------------------
GROUP na: 21/21 gates passed -> PASS
2026-09-30 08:18:32 [INFO] apscheduler.scheduler: Scheduler has been shut down
2026-09-30 08:18:33 [WARNING] app: Running on SQLite — row-level locking (with_for_update) is not enforced. SQLite uses a database-wide write lock; concurrent writers will serialise. Move to PostgreSQL for true per-row locking and higher concurrency.
2026-09-30 08:18:33 [INFO] app: ------- SECURITY MODE -------
2026-09-30 08:18:33 [INFO] app:   env                : production
2026-09-30 08:18:33 [INFO] app:   secret_key         : set (>=32 chars)
2026-09-30 08:18:33 [INFO] app:   updater_signing    : ENFORCED
2026-09-30 08:18:33 [INFO] app:   encryption         : available
2026-09-30 08:18:33 [INFO] app:   lan_access         : disabled (127.0.0.1 only)
2026-09-30 08:18:33 [INFO] app:   schema_drift_mode  : warn-only
2026-09-30 08:18:33 [INFO] app: -----------------------------
2026-09-30 08:18:33 [INFO] app: db.create_all() skipped in production. Use Alembic migrations for schema changes. Set DB_AUTO_CREATE=1 to force-enable at next boot.
2026-09-30 08:18:33 [INFO] app: SQLite: ensured table credit_vouchers exists
2026-09-30 08:18:33 [INFO] app: SQLite: ensured table credit_voucher_redemptions exists
2026-09-30 08:18:33 [INFO] apscheduler.scheduler: Scheduler started
2026-09-30 08:18:33 [INFO] apscheduler.scheduler: Added job "setup_backup_scheduler.<locals>._scheduled_backup" to job store "default"
2026-09-30 08:18:33 [INFO] app.backup_manager: Daily backup scheduled at 03:00
2026-09-30 08:18:33 [INFO] apscheduler.scheduler: Added job "flush_notification_queue" to job store "default"
2026-09-30 08:18:33 [INFO] apscheduler.scheduler: Added job "create_app.<locals>._prune_old_logs" to job store "default"
2026-09-30 08:18:33 [INFO] apscheduler.scheduler: Added job "create_app.<locals>._run_predictive_maintenance" to job store "default"
2026-09-30 08:18:33 [ERROR] app.services: Night audit failed for business date: audit row for ExtraCharge 4 (posted) could not be written: IntegrityError: (sqlite3.IntegrityError) FOREIGN KEY constraint failed
[SQL: INSERT INTO audit_logs (entity_type, entity_id, action, before_state, after_state, staff_user_id, ip_address, timestamp) VALUES (?, ?, ?, ?, ?, ?, ?, ?)]
[parameters: ('ExtraCharge', 4, 'posted', '{}', '{"amount": 500.0, "reservation_id": 6, "folio_id": 6, "business_date": "2026-08-10", "fee_mode": "fixed", "posted_by": "night_audit", "flow": "noshow_fee"}', 0, None, '2026-09-30 02:48:33.628858')]
(Background on this error at: https://sqlalche.me/e/20/gkpj)
2026-09-30 08:18:33 [ERROR] app.services: Night audit failed for business date: (raised as a result of Query-invoked autoflush; consider using a session.no_autoflush block if this flush is occurring prematurely)
(sqlite3.IntegrityError) FOREIGN KEY constraint failed
[SQL: INSERT INTO audit_logs (entity_type, entity_id, action, before_state, after_state, staff_user_id, ip_address, timestamp) VALUES (?, ?, ?, ?, ?, ?, ?, ?)]
[parameters: ('Reservation', 6, 'noshow_posted', '{"status": "Reserved"}', '{"status": "NoShow", "fee_applied": true, "fee_amount": 500.0, "is_ota": false, "audit_date": "2026-08-10", "posted_by": "night_audit", "extra_charge_id": 4}', 0, None, '2026-09-30 02:48:33.645561')]
(Background on this error at: https://sqlalche.me/e/20/gkpj)
2026-09-30 08:18:33 [ERROR] app.routes: Manual night audit failed: (raised as a result of Query-invoked autoflush; consider using a session.no_autoflush block if this flush is occurring prematurely)
(sqlite3.IntegrityError) FOREIGN KEY constraint failed
[SQL: INSERT INTO audit_logs (entity_type, entity_id, action, before_state, after_state, staff_user_id, ip_address, timestamp) VALUES (?, ?, ?, ?, ?, ?, ?, ?)]
[parameters: ('Reservation', 6, 'noshow_posted', '{"status": "Reserved"}', '{"status": "NoShow", "fee_applied": true, "fee_amount": 500.0, "is_ota": false, "audit_date": "2026-08-10", "posted_by": "night_audit", "extra_charge_id": 4}', 0, None, '2026-09-30 02:48:33.645561')]
(Background on this error at: https://sqlalche.me/e/20/gkpj)
Traceback (most recent call last):
  File "C:\Users\SIPL Server\Downloads\DSS\FinalGrid\SukoonPMS\venv\Lib\site-packages\sqlalchemy\engine\base.py", line 1969, in _exec_single_context
    self.dialect.do_execute(
  File "C:\Users\SIPL Server\Downloads\DSS\FinalGrid\SukoonPMS\venv\Lib\site-packages\sqlalchemy\engine\default.py", line 952, in do_execute
    cursor.execute(statement, parameters)
sqlite3.IntegrityError: FOREIGN KEY constraint failed

The above exception was the direct cause of the following exception:

Traceback (most recent call last):
  File "C:\wt_c4edc7b\app\routes.py", line 4925, in run_night_audit_manual
    run_night_audit(user_id=current_user.id)
  File "C:\wt_c4edc7b\app\services.py", line 344, in run_night_audit
    no_show_count, ota_no_show_count = process_all_noshows(_bd)
                                       ^^^^^^^^^^^^^^^^^^^^^^^^
  File "C:\wt_c4edc7b\app\noshow_service.py", line 216, in process_all_noshows
    result = process_reservation_noshow(reservation, business_date, config, posted_by_user_id)
             ^^^^^^^^^^^^^^^^^^^^^^^^^^^^^^^^^^^^^^^^^^^^^^^^^^^^^^^^^^^^^^^^^^^^^^^^^^^^^^^^^
  File "C:\wt_c4edc7b\app\noshow_service.py", line 104, in process_reservation_noshow
    .first())
     ^^^^^^^
  File "C:\Users\SIPL Server\Downloads\DSS\FinalGrid\SukoonPMS\venv\Lib\site-packages\sqlalchemy\orm\query.py", line 2766, in first
    return self.limit(1)._iter().first()  # type: ignore
           ^^^^^^^^^^^^^^^^^^^^^
  File "C:\Users\SIPL Server\Downloads\DSS\FinalGrid\SukoonPMS\venv\Lib\site-packages\sqlalchemy\orm\query.py", line 2864, in _iter
    result: Union[ScalarResult[_T], Result[_T]] = self.session.execute(
                                                  ^^^^^^^^^^^^^^^^^^^^^
  File "C:\Users\SIPL Server\Downloads\DSS\FinalGrid\SukoonPMS\venv\Lib\site-packages\sqlalchemy\orm\session.py", line 2372, in execute
    return self._execute_internal(
           ^^^^^^^^^^^^^^^^^^^^^^^
  File "C:\Users\SIPL Server\Downloads\DSS\FinalGrid\SukoonPMS\venv\Lib\site-packages\sqlalchemy\orm\session.py", line 2249, in _execute_internal
    ) = compile_state_cls.orm_pre_session_exec(
        ^^^^^^^^^^^^^^^^^^^^^^^^^^^^^^^^^^^^^^^
  File "C:\Users\SIPL Server\Downloads\DSS\FinalGrid\SukoonPMS\venv\Lib\site-packages\sqlalchemy\orm\context.py", line 577, in orm_pre_session_exec
    session._autoflush()
  File "C:\Users\SIPL Server\Downloads\DSS\FinalGrid\SukoonPMS\venv\Lib\site-packages\sqlalchemy\orm\session.py", line 3072, in _autoflush
    raise e.with_traceback(sys.exc_info()[2])
  File "C:\Users\SIPL Server\Downloads\DSS\FinalGrid\SukoonPMS\venv\Lib\site-packages\sqlalchemy\orm\session.py", line 3061, in _autoflush
    self.flush()
  File "C:\Users\SIPL Server\Downloads\DSS\FinalGrid\SukoonPMS\venv\Lib\site-packages\sqlalchemy\orm\session.py", line 4352, in flush
    self._flush(objects)
  File "C:\Users\SIPL Server\Downloads\DSS\FinalGrid\SukoonPMS\venv\Lib\site-packages\sqlalchemy\orm\session.py", line 4487, in _flush
    with util.safe_reraise():
         ^^^^^^^^^^^^^^^^^^^
  File "C:\Users\SIPL Server\Downloads\DSS\FinalGrid\SukoonPMS\venv\Lib\site-packages\sqlalchemy\util\langhelpers.py", line 122, in __exit__
    raise exc_value.with_traceback(exc_tb)
  File "C:\Users\SIPL Server\Downloads\DSS\FinalGrid\SukoonPMS\venv\Lib\site-packages\sqlalchemy\orm\session.py", line 4448, in _flush
    flush_context.execute()
  File "C:\Users\SIPL Server\Downloads\DSS\FinalGrid\SukoonPMS\venv\Lib\site-packages\sqlalchemy\orm\unitofwork.py", line 465, in execute
    rec.execute(self)
  File "C:\Users\SIPL Server\Downloads\DSS\FinalGrid\SukoonPMS\venv\Lib\site-packages\sqlalchemy\orm\unitofwork.py", line 641, in execute
    util.preloaded.orm_persistence.save_obj(
  File "C:\Users\SIPL Server\Downloads\DSS\FinalGrid\SukoonPMS\venv\Lib\site-packages\sqlalchemy\orm\persistence.py", line 94, in save_obj
    _emit_insert_statements(
  File "C:\Users\SIPL Server\Downloads\DSS\FinalGrid\SukoonPMS\venv\Lib\site-packages\sqlalchemy\orm\persistence.py", line 1234, in _emit_insert_statements
    result = connection.execute(
             ^^^^^^^^^^^^^^^^^^^
  File "C:\Users\SIPL Server\Downloads\DSS\FinalGrid\SukoonPMS\venv\Lib\site-packages\sqlalchemy\engine\base.py", line 1421, in execute
    return meth(
           ^^^^^
  File "C:\Users\SIPL Server\Downloads\DSS\FinalGrid\SukoonPMS\venv\Lib\site-packages\sqlalchemy\sql\elements.py", line 526, in _execute_on_connection
    return connection._execute_clauseelement(
           ^^^^^^^^^^^^^^^^^^^^^^^^^^^^^^^^^^
  File "C:\Users\SIPL Server\Downloads\DSS\FinalGrid\SukoonPMS\venv\Lib\site-packages\sqlalchemy\engine\base.py", line 1643, in _execute_clauseelement
    ret = self._execute_context(
          ^^^^^^^^^^^^^^^^^^^^^^
  File "C:\Users\SIPL Server\Downloads\DSS\FinalGrid\SukoonPMS\venv\Lib\site-packages\sqlalchemy\engine\base.py", line 1848, in _execute_context
    return self._exec_single_context(
           ^^^^^^^^^^^^^^^^^^^^^^^^^^
  File "C:\Users\SIPL Server\Downloads\DSS\FinalGrid\SukoonPMS\venv\Lib\site-packages\sqlalchemy\engine\base.py", line 1988, in _exec_single_context
    self._handle_dbapi_exception(
  File "C:\Users\SIPL Server\Downloads\DSS\FinalGrid\SukoonPMS\venv\Lib\site-packages\sqlalchemy\engine\base.py", line 2365, in _handle_dbapi_exception
    raise sqlalchemy_exception.with_traceback(exc_info[2]) from e
  File "C:\Users\SIPL Server\Downloads\DSS\FinalGrid\SukoonPMS\venv\Lib\site-packages\sqlalchemy\engine\base.py", line 1969, in _exec_single_context
    self.dialect.do_execute(
  File "C:\Users\SIPL Server\Downloads\DSS\FinalGrid\SukoonPMS\venv\Lib\site-packages\sqlalchemy\engine\default.py", line 952, in do_execute
    cursor.execute(statement, parameters)
sqlalchemy.exc.IntegrityError: (raised as a result of Query-invoked autoflush; consider using a session.no_autoflush block if this flush is occurring prematurely)
(sqlite3.IntegrityError) FOREIGN KEY constraint failed
[SQL: INSERT INTO audit_logs (entity_type, entity_id, action, before_state, after_state, staff_user_id, ip_address, timestamp) VALUES (?, ?, ?, ?, ?, ?, ?, ?)]
[parameters: ('Reservation', 6, 'noshow_posted', '{"status": "Reserved"}', '{"status": "NoShow", "fee_applied": true, "fee_amount": 500.0, "is_ota": false, "audit_date": "2026-08-10", "posted_by": "night_audit", "extra_charge_id": 4}', 0, None, '2026-09-30 02:48:33.645561')]
(Background on this error at: https://sqlalche.me/e/20/gkpj)
============================================================================================================================================
CF-10 / CF-11 HARDENING - GROUP actor
app root C:\wt_c4edc7b  commit c4edc7b23e83c4e0063a582c9fa80bb818cec7ea  app/ clean: True
production sha256 before: 51dd83b7f0fa42a3e85afb0f46c1a5f7cc6978436ff361250caef9ae92830bc2 (anchor)
============================================================================================================================================
copy=C:\Users\SIPL Server\Downloads\DSS\FinalGrid\SukoonPMS\verification\_work\cf10_actor.db  business date=2026-08-10  vacant=36  admin=2
OK    A-00         actor   copy: no user 0, no FK violation before enforcement        expect=(0, 0)                 got=(0, 0)                 
OK    A-01         actor   FK enforcement active on the copy                          expect=1                      got=1                      
ACTOR operator path (manual no-show) under FK enforcement
OK    A-02         actor   operator actor: no-show + fee posted, audits accepted      expect=('NoShow', 1)          got=('NoShow', 1)          No-show posted successfully.
ACTOR automated path (no operator, no request) under FK enforcement
OK    A-03         actor   automated no-show: fails closed, nothing partial persisted expect=('Reserved', 0)        got=('Reserved', 0)        AuditCouplingError: audit row for ExtraCharge 4 (posted) could not be written: IntegrityError: (sqlite3.Integr
NOTE  A-04         actor   automated no-show can complete under FK enforcement        expect=None                   got='AuditCouplingError: a system actor 0 is rejected - AR-013 / ADR-011 unresolved
ACTOR scheduler night audit (no operator) under FK enforcement
OK    A-05         actor   scheduler run: fails closed, no log, no charge, date uncha expect=(0, 0, datetime.date(2 got=(0, 0, datetime.date(2 AuditCouplingError: audit row for ExtraCharge 4 (posted) could not be written: IntegrityError: (sqlite3.Integr
NOTE  A-06         actor   scheduler night audit can complete under FK enforcement    expect=None                   got='AuditCouplingError: a system actor 0 is rejected - AR-013 / B-1 unresolved; scheduler disabled for the first release (FD-P2-05)
ACTOR manual night audit (operator) under FK enforcement, with a no-show pending
OK    A-07         actor   manual run with a no-show: all-or-nothing (log and charges expect=True                   got=True                   logs=0 rent=0
FAIL  A-08         actor   manual night audit with a pending no-show completes under  expect=(1, 1, 'NoShow')       got=(0, 0, 'Reserved')     FD-P2-05 first-release model: every audit row of an operator run names the operator
FAIL  A-09         actor   operator run: noshow_posted actor is the operator, origin  expect=(1, 2, 'night_audit')  got=(0, None, None)        
OK    P-01         prod    production database unchanged (sha256 == anchor)           expect='51dd83b7f0fa42a3e85af got='51dd83b7f0fa42a3e85af 
--------------------------------------------------------------------------------------------------------------------------------------------
GROUP actor: 7/9 gates passed -> FAIL
2026-09-30 08:18:33 [INFO] apscheduler.scheduler: Scheduler has been shut down
